id,name,slug,price,original_price,images,description,detailed_description,colors,is_featured,show_in_office,is_molded,is_ceo_chair,is_gaming_chair,is_dining_chair,is_visitor_sofa,is_study_chair,is_outdoor_furniture,is_folding_furniture,category_id,subcategory_id,created_at
00e1e1c0-8e1d-44c7-9686-c29c84ed9ab4,RK-204 Transparent Plastic Chair – Modern Elegance,rk-204-transparent-plastic-chair-modern-elegance,6800,7800,"[""https://utqpkukuvsecwgnsprfs.supabase.co/storage/v1/object/public/product-images/products/rk-204-transparent-plastic-chair-modern-elegance-1759534758966.png"",""https://utqpkukuvsecwgnsprfs.supabase.co/storage/v1/object/public/product-images/products/rk-204-transparent-plastic-chair-modern-elegance-1759534758966.png""]","🪑 RK-204 Transparent Plastic Chair – Modern Elegance Features ✅ Clear molded plastic seat for a modern look✅ Strong wooden legs with black metal cross-support✅ Lightweight and easy to move✅ Durable build for long-lasting use✅ Perfect for dining, study, and café spaces Specifications Model No.: RK-204 Material: Transparent Molded Plastic Frame: Solid Wooden Legs + Metal Support Colors: Clear Transparent Size: Standard chair height Use: Dining, Home, Office, Café, Study Why RK Enterprises ✨ Premium Quality✨ Affordable Price✨ Wide Furniture Range✨ Trusted Brand in Karachi Contact &amp; Links 📞 0345-3593470 | 0331-2142040📍 Shop #G23, Panama Centre, Sir Shah Suleman Road, Near Esa Nagri, Hassan Square, Gulshan-e-Iqbal, Block 13D, Karachi 🌐 Website: www.Rkenterpriseshub.com📘 Facebook: [Link: facebook.com/RKEnterprisesOfficialPK (https://facebook.com/RKEnterprisesOfficialPK)]📸 Instagram: [Link: instagram.com/r.kenterprisesfurniture (https://instagram.com/r.kenterprisesfurniture)]💬 WhatsApp: wa.me/923453593470▶️ YouTube: [Link: R.K Enterprises (https://www.youtube.com/@R.kEnterprises)]",,"[""Black"",""Grey"",""Blue""]",false,true,true,false,false,true,false,false,false,false,1f3162b2-b073-4699-adc5-69521edf2565,03825077-ea9c-4ff0-866f-c3db11920880,2025-10-07 12:53:35.648253+00
02941cdf-e578-44dd-a4dd-5fa27d946ba2,🪑 RK Enterprises – Black Padded Folding Chair,rk-enterprises-black-padded-folding-chair,7500,9500,"[""https://utqpkukuvsecwgnsprfs.supabase.co/storage/v1/object/public/product-images/products/rk-enterprises-black-padded-folding-chair-1759535055819.jpeg""]","🪑 RK Enterprises – Black Padded Folding Chair ✅ Product Description: The RK Enterprises Black Padded Folding Chair is designed for comfort, durability, and easy storage. With a sturdy metal frame and padded seat &amp; backrest, it provides a premium seating experience for offices, events, meetings, and home use. Frame: Heavy-duty black steel for strength &amp; stability Seat &amp; Backrest: Cushioned with high-quality foam and upholstered in black leatherette Design: Space-saving folding mechanism for easy storage &amp; transport Portability: Lightweight yet durable, perfect for indoor &amp; outdoor use Comfort: Round padded seat and ergonomic back support for long sitting hours 📏 Dimensions (Approx.): Height: 30–32 inches Seat Width: 16–18 inches Seat Depth: 16 inches Folded Thickness: 2–3 inches 🌟 Key Features: ✅ Strong &amp; Durable – Long-lasting metal frame✅ Space-Saving – Foldable, stackable design✅ Comfortable – Cushioned seat &amp; backrest✅ Multi-Purpose – Ideal for events, offices, schools, and homes✅ Easy Maintenance – Wipe-clean surface 📍 Contact Us: 📞 0345-3593470 | 0331-2142040🏢 Shop #G23, Panama Centre, Sir Shah Suleman Road, Near Esa Nagri, Hassan Square, Gulshan-e-Iqbal, Block 13D, Karachi🌐 www.RKenterpriseshub.com📘 [Link: facebook.com/RKEnterprisesOfficialPK (https://www.facebook.com/RKEnterprisesOfficialPK)]📸 [Link: instagram.com/r.kenterprisesfurniture (https://instagram.com/r.kenterprisesfurniture)]💬 wa.me/923453593470",,"[""Black"",""Grey"",""Blue""]",false,false,false,false,false,false,false,false,false,false,69109c18-45a8-471c-95fb-30ac08a98f6c,e0cb6ca5-7171-47f6-8bed-3fb4b1a0815f,2025-10-07 12:53:35.648253+00
06a486d6-5083-487f-98c5-0134c15e2a00,"🪑 Model RK-10 – 3-Seater Waiting Bench for Offices, Hospitals & Public Spaces",model-rk-10-four-seater-waiting-bench-for-offices-hospitals-and-public-spaces,21500,25000,"[""https://utqpkukuvsecwgnsprfs.supabase.co/storage/v1/object/public/product-images/products/visitor-benches-1759534855922.jpeg""]","🪑 Model RK-10 – 3-Seater Waiting Bench for Offices, Hospitals &amp; Public Spaces Overview RK Enterprises introduces the Model RK-10 Four-Seater Waiting Bench, designed for maximum comfort, durability, and space efficiency. With a heavy-duty steel frame and premium molded plastic seats, this bench is perfect for hospitals, clinics, schools, offices, and public waiting areas across Karachi and Pakistan. --- ✅ Key Features - Heavy-Duty Steel Frame – Provides long-lasting strength and stability. - Four-Seater Design – Space-saving seating solution for busy waiting areas. - Comfortable Seating – Ergonomic molded plastic seats with smooth finish. - Modern Professional Look – Stylish design that enhances any reception or lobby. - Easy to Maintain – Water-resistant material, quick to clean, and scratch-resistant. - Multiple Color Options – Available in Blue, Black, Grey, and Beige. --- 📐 Specifications - Model: RK-10 - Type: Four-Seater Waiting Bench - Material: Premium Steel Frame + High-Quality Molded Plastic Seats - Color Options: Blue, Black, Grey, Beige - Brand: RK Enterprises (Feel the Comfort) --- 🎯 Applications - 🏥 Hospitals &amp; Clinics – Patient and visitor seating in waiting areas. - 🏢 Corporate Offices – Reception and visitor waiting lounges. - 🏫 Schools &amp; Universities – Corridor seating and admin offices. - 🚌 Public Spaces – Bus stations, railway stations, and government offices. - 🏠 Residential – Lobby, basement, or study area seating. --- 💡 Why Choose RK Enterprises? RK Enterprises is a trusted furniture brand in Karachi, providing premium-quality waiting benches for offices, hospitals, and institutions. With RK-10, you get: - Strong &amp; durable build quality - Long-lasting comfort and usability - Affordable price with professional design - Direct supply from Karachi factory outlet --- 📦 Order Now Upgrade your waiting area with the RK-10 Four-Seater Waiting Bench. 📞 Contact: 0345-3593470 | 0331-2142040 📍 Showroom: Shop #G23, Panama Centre, Sir Shah Suleman Road, Near Essa Nagri, Hassan Square, Gulshan-e-Iqbal, Block 13D, Karachi 🌐 Website: www.rkenterpriseshub.com 📘 Facebook: facebook.com/RKEnterprisesOfficialPK 📸 Instagram: instagram.com/r.kenterprisesfurniture 💬 WhatsApp: wa.me/923453593470",,"[""Black"",""Grey"",""Blue""]",true,true,false,false,false,false,true,false,false,false,de3ff3d7-3f1a-4bd9-80ea-1389b8e2a5f6,f10e756f-3d3d-4057-80a9-0f1e84d14919,2025-10-07 12:53:35.648253+00
10f695f9-f89f-467d-9999-5b5f041d2884,🪑 Executive Mesh Visitor Chair – Model RK-351,executive-mesh-visitor-chair-model-rk-351,18500,220000,"[""https://utqpkukuvsecwgnsprfs.supabase.co/storage/v1/object/public/product-images/products/executive-mesh-visitor-chair-model-rk-351-1759534866051.png""]","🪑 Executive Mesh Visitor Chair – Model RK-351 ✅ Breathable Mesh Back &amp; Seat – Ensures ventilation and comfort during long sitting hours.✅ Sleek Chrome Cantilever Frame – Strong, stable, and corrosion-resistant.✅ Padded Armrests with Chrome Finish – Adds comfort and a premium executive look.✅ Ergonomic Slim Profile – Promotes natural posture while saving space.✅ Modern Professional Design – Perfect for boardrooms, offices, and reception areas.✅ Non-Slip Floor Caps – Protects floors from scratches and keeps the chair stable. 📏 Dimensions: Standard executive visitor chair size.🎨 Color: Black mesh with chrome frame.🏢 Best For: Offices, conference rooms, receptions, and executive meeting spaces. 📞 Contact: 0345-3593470 | 0331-2142040📍 Address: Shop #G23, Panama Centre, Sir Shah Suleman Road, Near Esa Nagri, Hassan Square, Gulshan-e-Iqbal, Block 13D, Karachi🌐 Website: www.Rkenterpriseshub.com📘 Facebook: [Link: facebook.com/RKEnterprisesOfficialPK (https://www.facebook.com/RKEnterprisesOfficialPK)]📸 Instagram: [Link: instagram.com/r.kenterprisesfurniture (https://www.instagram.com/r.kenterprisesfurniture)]💬 WhatsApp: wa.me/923453593470",,"[""Black"",""Grey"",""Blue""]",false,true,false,false,false,false,false,false,false,false,e0c4796d-ce73-47df-8b1d-56308c07ed02,ac812c98-d8aa-4833-9dd7-6224422206af,2025-10-07 12:53:35.648253+00
114c912a-075b-47a1-bcf7-3103aa69b5d9,Bar Stool 601,bar-stool-601,10500,14500,"[""https://utqpkukuvsecwgnsprfs.supabase.co/storage/v1/object/public/product-images/products/bar-stool-601-1759534653626.png""]","🪑 RK Bar Stool – Model 601 ✅ Product Type: Modern Adjustable Bar Stool✅ Model Number: RK-601✅ Seat Material: Black cushioned leatherette✅ Frame Material: High-quality chrome steel✅ Base: Round polished chrome pedestal base✅ Height: Adjustable via side lever✅ Footrest: Ergonomic chrome support bar✅ Design: Minimalist curve seat with sleek edges✅ Usage: Ideal for kitchen counters, bar counters, reception desks, and cafes✅ Assembly: Quick and easy setup 📞 For Orders &amp; Inquiries:Call/WhatsApp: 0345-3593470 | 0331-2142040📍 Visit Us: Shop #G23, Panama Centre, Sir Shah Suleman Road, Near Esa Nagri, Hassan Square, Gulshan-e-Iqbal, Block 13D, Karachi🌐 Website: [Link: www.Rkenterpriseshub.com (http://www.Rkenterpriseshub.com)]📘 Facebook: [Link: facebook.com/RKEnterprisesOfficialPK (https://facebook.com/RKEnterprisesOfficialPK)]📸 Instagram: [Link: instagram.com/r.kenterprisesfurniture (https://instagram.com/r.kenterprisesfurniture)]💬 WhatsApp Chat: wa.me/923453593470",,"[""Black"",""Grey"",""Blue""]",true,true,false,false,false,false,false,false,false,false,1f3162b2-b073-4699-adc5-69521edf2565,01ae3e50-a7d6-475f-9206-1ddedb9d6362,2025-10-07 12:53:35.648253+00
1152eab4-b5c0-4b07-a896-5ca9282d6942,🪑 RK-202 Plastic Arm Chair – Modern & Elegant,rk-202-plastic-arm-chair-modern-and-elegant,9500,12500,"[""https://utqpkukuvsecwgnsprfs.supabase.co/storage/v1/object/public/product-images/products/rk-202-plastic-arm-chair-modern-and-elegant-1759534728999.png""]","🪑 Detailed Description Product Name RK Modern Arm Dining Chair – Black Model Number RK-DC002 Key Features ✅ Ergonomic Design – Wide seat with armrests for maximum comfort. ✅ Durable Material – High-quality PP plastic seat in matte black finish. ✅ Stylish Wooden Legs – Solid beechwood legs with black cross-metal support for extra stability. ✅ Comfort &amp; Support – Curved backrest and integrated armrests improve posture. ✅ Versatile Use – Ideal for home dining, office lounge, study, or café seating. ✅ Weight Capacity – Supports up to 120 kg. ✅ Low Maintenance – Easy to clean and long-lasting. Dimensions (Approx.) Height: 32 inches Seat Height: 17 inches Seat Width: 20 inches (with arms) Depth: 17 inches Available Colors Black White Grey Ideal For Dining Rooms Cafés &amp; Restaurants Offices &amp; Study Spaces Waiting Areas 📞 Contact Us: 0345-3593470 | 0331-2142040🏠 Address: Shop #G23, Panama Centre, Sir Shah Suleman Road, Near Esa Nagri, Hassan Square, Gulshan-e-Iqbal, Block 13D, Karachi🌐 Website: www.Rkenterpriseshub.com📘 Facebook: facebook.com/RKEnterprisesOfficialPK📷 Instagram: instagram.com/r.kenterprisesfurniture💬 WhatsApp: wa.me/923453593470",,"[""Black"",""Grey"",""Blue""]",false,false,false,false,false,true,false,false,false,false,1f3162b2-b073-4699-adc5-69521edf2565,03825077-ea9c-4ff0-866f-c3db11920880,2025-10-07 12:53:35.648253+00
13216890-b54e-4aaf-bcad-6031c3d847bc,Model 702 – Fancy Padded Bar Stool,model-702-fancy-padded-bar-stool,12800,16500,"[""https://utqpkukuvsecwgnsprfs.supabase.co/storage/v1/object/public/product-images/products/model-702-fancy-padded-bar-stool-1759534671879.jpeg""]","🪑 Model 702 – Fancy Padded Bar Stool 
✅ Product Features: Design: Elegant high-back design with integrated arm curves for a premium look Upholstery: Soft, black PU leather with vertical stitched detailing Comfort: Thick cushioned seat and backrest for all-day comfort Functionality: 360° swivel with smooth gas-lift height adjustment Footrest: Built-in chrome foot support for relaxed seating Base: Wide, polished chrome base with non-slip rubber protection Application: Ideal for kitchen islands, bar counters, reception lounges, and cafes 
📏 Specifications: Model Code: 702 Adjustable Height: 22"" – 32"" Total Height: Up to 44"" Seat Width: Approx. 18 inches Backrest Height: 14 inches Base Diameter: 15 inches Weight Capacity: Up to 120 kg Net Weight: Approx. 7.5 kg 
📞 Order Now – RK ENTERPRISES
 📱 0345-3593470 | 0331-2142040
📍 Shop #G23, Panama Centre, Sir Shah Suleman Road, Hassan Square, Gulshan-e-Iqbal, Block 13D, Karachi",,"[""Black"",""Grey"",""Blue""]",true,true,false,false,false,true,false,false,false,false,e0c4796d-ce73-47df-8b1d-56308c07ed02,95a48fbb-540a-4812-af7b-f028d281492e,2025-10-07 12:53:35.648253+00
15b186fa-c8d7-4603-876d-e26aebd17816,RK-A302 – Double seater-Auditorium & Lecture Hall Chair,rk-a302-double-seater-auditorium-lecture-hall-chair-370052,85000,95000,"[""https://utqpkukuvsecwgnsprfs.supabase.co/storage/v1/object/public/product-images/products/pasted-image-1760183157378-1760183158248.png"",""https://utqpkukuvsecwgnsprfs.supabase.co/storage/v1/object/public/product-images/products/img-20251010-wa00901-1760183264527.jpg""]","RK-A302 – Double seater-Auditorium & Lecture Hall Chair | Comfort • Durability • Design  

✅ Premium cushioned seat and backrest for long-term sitting comfort  
✅ Wooden armrests with integrated writing pad for lectures or conferences  
✅ Foldable seat with noiseless spring mechanism for neat alignment  
✅ Strong metal frame with floor-mounting legs for extra stability  
✅ Durable fabric upholstery with elegant dual-tone finish  
✅ Ideal for auditoriums, seminar halls, universities, and training centers  
✅ Designed by RK ENTERPRISES – Quality Seating Solutions in Karachi  

📍 Ideal For:
Auditoriums | Lecture Halls | Conference Rooms | Cinema-Style Seating  

📞 Contact:
0345-3593470 | 0331-2142040  

🏬 Address:
Shop # G-23, Panama Centre, Sir Shah Suleman Road, Near Essa Nagri, Hassan Square, Gulshan-e-Iqbal Block 13-D, Karachi  
","RK-A302 – Double seater-Auditorium & Lecture Hall Chair | Comfort • Durability • Design  

✅ Premium cushioned seat and backrest for long-term sitting comfort  
✅ Wooden armrests with integrated writing pad for lectures or conferences  
✅ Foldable seat with noiseless spring mechanism for neat alignment  
✅ Strong metal frame with floor-mounting legs for extra stability  
✅ Durable fabric upholstery with elegant dual-tone finish  
✅ Ideal for auditoriums, seminar halls, universities, and training centers  
✅ Designed by RK ENTERPRISES – Quality Seating Solutions in Karachi  

📍 Ideal For:
Auditoriums | Lecture Halls | Conference Rooms | Cinema-Style Seating  

📞 Contact:
0345-3593470 | 0331-2142040  

🏬 Address:
Shop # G-23, Panama Centre, Sir Shah Suleman Road, Near Essa Nagri, Hassan Square, Gulshan-e-Iqbal Block 13-D, Karachi  
",[],false,true,false,false,false,false,false,false,false,false,e0c4796d-ce73-47df-8b1d-56308c07ed02,bf47b037-eaa0-4a42-a178-2b9985e376e2,2025-10-11 11:49:30.430887+00
16ece00a-49ad-4170-8460-b703275509fd,RK Modern Dining Chair – Wooden Legs & Plastic Seat,rk-modern-dining-chair-wooden-legs-and-plastic-seat,4800,6500,"[""https://utqpkukuvsecwgnsprfs.supabase.co/storage/v1/object/public/product-images/products/rk-modern-dining-chair-wooden-legs-and-plastic-seat-1759534690115.png""]","Product Detailed Description (For One Chair) 
🔹 Product Name RK Modern Dining Chair – Wooden Legs &amp; Plastic Seat 
🔹 Model Number RK-DC001 
🔹 Key Features 
✅ Premium Quality Material – Durable PP plastic seat with ergonomic design for long sitting comfort.
 ✅ Stylish Wooden Legs – Strong beechwood legs with black metal cross-support for stability.
 ✅ Modern Minimalist Design – Perfect for dining, office, study, or café setup.
 ✅ Comfortable Seating – Smooth curved backrest for better posture. 
✅ Easy to Maintain – Water-resistant, easy to clean surface.
 ✅ Weight Capacity – Supports up to 120 kg. 
🔹 Dimensions (Approx.) Height: 32 inches Seat Height: 17 inches Seat Width: 18 inches Depth: 16 inches 🔹 Available Colors White Black Grey 
🔹 Ideal For Dining Table Sets Cafés &amp; Restaurants Office Waiting Areas Home &amp; Study Use 📞 Contact Us: 0345-3593470 | 0331-2142040
",,"[""Black"",""Grey"",""Blue""]",true,false,false,false,false,true,false,false,true,false,1f3162b2-b073-4699-adc5-69521edf2565,03825077-ea9c-4ff0-866f-c3db11920880,2025-10-07 12:53:35.648253+00
1bdf6107-f021-49d5-b3ce-7d09d7823599,Model-675 – Premium Padded Bar Stool,model-675-premium-padded-bar-stool,10500,14500,"[""https://utqpkukuvsecwgnsprfs.supabase.co/storage/v1/object/public/product-images/products/model-675-premium-padded-bar-stool-1759534663339.jpeg""]","🪑 Model-675 – Premium Padded Bar Stool ✅ Elegant Modern Design – Sleek black leatherette padding with a curved cushioned backrest and thick seat for stylish comfort.✅ Comfort Focused – Ergonomically shaped back and soft seat cushion reduce fatigue even after long sitting sessions.✅ Strong Metal Frame – Black powder-coated pedestal base for durability, stability, and rust resistance.✅ 360° Swivel &amp; Adjustable Height – Smooth height lift and rotation function for flexible seating at bar, kitchen island, or counter.✅ Footrest Ring – Built-in circular footrest ensures relaxed posture.✅ Perfect for: Home kitchens, bars, restaurants, and lounges. Approximate Dimensions: Seat Height: Adjustable (Approx. 23"" to 31"") Seat Width: 17"" Backrest Height: 12"" Base Diameter: 16"" 📞 Contact Us📱 0345-3593470 | 0331-2142040📍 Shop #G23, Panama Centre, Sir Shah Suleman Road, Near Esa Nagri, Hassan Square, Gulshan-e-Iqbal, Block 13D, Karachi🌐 [Link: www.Rkenterpriseshub.com (http://www.Rkenterpriseshub.com)]📘 [Link: Facebook (https://facebook.com/RKEnterprisesOfficialPK)] | 📸 [Link: Instagram (https://instagram.com/r.kenterprisesfurniture)] | 💬 WhatsApp",,"[""Black"",""Grey"",""Blue""]",true,true,false,false,false,true,true,true,false,false,1f3162b2-b073-4699-adc5-69521edf2565,01ae3e50-a7d6-475f-9206-1ddedb9d6362,2025-10-07 12:53:35.648253+00
1e9480f0-ec52-4065-8e43-e87eb81c16b5,🪑 RK Enterprises – Ergonomic Mesh Office Chair (Model RK-M514),rk-enterprises-ergonomic-mesh-office-chair-model-rk-m514,15500,18500,"[""https://utqpkukuvsecwgnsprfs.supabase.co/storage/v1/object/public/product-images/products/rk-enterprises-ergonomic-mesh-office-chair-model-rk-m514-1759535095707.jpeg"",""https://utqpkukuvsecwgnsprfs.supabase.co/storage/v1/object/public/product-images/products/rk-enterprises-ergonomic-mesh-office-chair-model-rk-m514-1759535095707.jpeg""]","🪑 RK Enterprises – Ergonomic Mesh Office Chair (Model RK-M514) A compact, reliable, and ergonomic solution for offices, home workspaces, and study environments. This mesh-back chair is designed to promote healthy posture and mobility throughout your workday. ✅ Key Features: Breathable Mesh Backrest – Offers ventilation and back support for long sitting hours Curved Back Support – Encourages natural spine alignment and reduces fatigue Soft Padded Fabric Seat – Thick cushion for superior seating comfort Durable Fixed Armrests – Curved design for ergonomic arm support Adjustable Height with Gas Lift – Customize seating level for your comfort 360° Swivel Base – Smooth movement in all directions Strong Plastic Base with Dual-Wheel Casters – Durable and easy to roll on all floors 📐 Approximate Dimensions: Total Height: 36"" – 40"" (adjustable) Seat Width: 18"" Seat Depth: 17"" Backrest Height: 20"" Wheelbase Width: 24"" 📍 Order &amp; Contact Info: 📞 0345-3593470 | 0331-2142040🏢 Shop #G23, Panama Centre, Sir Shah Suleman Road, Near Esa Nagri, Hassan Square, Block 13D, Gulshan-e-Iqbal, Karachi 🌐 Website: https://www.rkenterpriseshub.com📘 Facebook: [Link: https://www.facebook.com/RKEnterprisesOfficialPK (https://www.facebook.com/RKEnterprisesOfficialPK)]📸 Instagram: [Link: https://www.instagram.com/r.kenterprisesfurniture (https://www.instagram.com/r.kenterprisesfurniture)]📱 WhatsApp: https://wa.me/923453593470",,"[""Black"",""Grey"",""Blue""]",true,true,false,false,false,false,false,false,false,false,e0c4796d-ce73-47df-8b1d-56308c07ed02,7033bb29-feb9-4b3d-845a-52ad7280cc21,2025-10-07 12:53:35.648253+00
1f14eec1-3e48-46b9-872d-c95be92959e0,"RK-BS112 – Modern Bar / Kitchen Stool ",rk-bs112-modern-bar-kitchen-stool--760802,12500,15000,"[""https://utqpkukuvsecwgnsprfs.supabase.co/storage/v1/object/public/product-images/products/pasted-image-1760182676942-1760182678047.png"",""https://utqpkukuvsecwgnsprfs.supabase.co/storage/v1/object/public/product-images/products/pasted-image-1760182696328-1760182697120.png""]","RK-BS112 – Modern Bar / Kitchen Stool | Elegant Comfort & Premium Finish  

✅ Contemporary bar stool with cushioned beige seat for superior comfort  
✅ Sturdy black powder-coated metal legs for strong and durable support  
✅ Ergonomic curved backrest provides comfortable posture while sitting  
✅ Ideal height for bar counters, kitchen islands, cafes, and restaurants  
✅ Soft velvet-touch fabric upholstery for a luxurious look  
✅ Easy to clean, lightweight, and perfect for modern interiors  
✅ Designed by RK ENTERPRISES – Quality Seating Solutions in Karachi  

📍 Ideal For:
Bar Counters | Kitchen Islands | Cafes | Restaurants | Reception Areas  

📞 Contact:
0345-3593470 | 0331-2142040  

🏬 Address:
Shop # G-23, Panama Centre, Sir Shah Suleman Road, Near Essa Nagri,  
Hassan Square, Gulshan-e-Iqbal Block 13-D, Karachi  
","RK-BS112 – Modern Bar / Kitchen Stool | Elegant Comfort & Premium Finish  

✅ Contemporary bar stool with cushioned beige seat for superior comfort  
✅ Sturdy black powder-coated metal legs for strong and durable support  
✅ Ergonomic curved backrest provides comfortable posture while sitting  
✅ Ideal height for bar counters, kitchen islands, cafes, and restaurants  
✅ Soft velvet-touch fabric upholstery for a luxurious look  
✅ Easy to clean, lightweight, and perfect for modern interiors  
✅ Designed by RK ENTERPRISES – Quality Seating Solutions in Karachi  

📍 Ideal For:
Bar Counters | Kitchen Islands | Cafes | Restaurants | Reception Areas  

📞 Contact:
0345-3593470 | 0331-2142040  

🏬 Address:
Shop # G-23, Panama Centre, Sir Shah Suleman Road, Near Essa Nagri,  
Hassan Square, Gulshan-e-Iqbal Block 13-D, Karachi  
","[""black,brown""]",false,true,false,false,false,false,false,false,false,false,e0c4796d-ce73-47df-8b1d-56308c07ed02,95a48fbb-540a-4812-af7b-f028d281492e,2025-10-11 11:39:20.82031+00
20d84e62-30d3-43c0-a397-b47641dd4dcd,Study Chairs,study-chairs-1,9500,11500,"[""https://utqpkukuvsecwgnsprfs.supabase.co/storage/v1/object/public/product-images/products/study-chairs-1759534896541.png""]","🪑 Model RK-02-SB – Student Writing Chair with Book Rack 📋 Product Description The RK-02-SB is a premium student writing chair designed for classrooms, lecture halls, training centers, and coaching institutes. With a strong steel frame, ergonomic back support, attached writing pad, and under-seat storage rack, this chair provides both comfort and functionality for long study sessions. ✅ Key Features Seat &amp; Back: Comfortable cushioned seat and backrest with durable upholstery (blue shown, multiple colors available). Frame: Powder-coated steel frame for extra strength and rust resistance. Writing Pad: High-quality laminated wooden writing board, smooth surface for easy writing. Book Rack: Under-seat steel wire rack for keeping bags, books, or notes. Leg Caps: Anti-slip rubber leg protectors to prevent scratches and noise. Design: Ergonomic build with proper sitting posture support. 📐 Dimensions (Approx.) Seat Height: 18 inches Seat Width: 17 inches Seat Depth: 16 inches Writing Pad Size: 12 × 16 inches Book Rack Depth: 12 inches 🎯 Benefits Perfect for students and trainees in classrooms &amp; coaching centers All-in-one solution: seating, writing surface, and storage space Lightweight yet sturdy construction for daily use Easy to move and maintain 📞 Contact Us: 0345-3593470 | 0331-2142040🌐 Website: www.Rkenterpriseshub.com📍 Shop Address: Shop #G23, Panama Centre, Sir Shah Suleman Road, Near Esa Nagri, Hassan Square, Gulshan-e-Iqbal, Block 13D, Karachi📲 Social Links: Facebook: [Link: facebook.com/RKEnterprisesOfficialPK (https://facebook.com/RKEnterprisesOfficialPK)] Instagram: [Link: instagram.com/r.kenterprisesfurniture (https://instagram.com/r.kenterprisesfurniture)] WhatsApp: wa.me/923453593470",,"[""Black"",""Grey"",""Blue""]",false,false,false,false,false,false,false,true,false,false,2df6d287-acef-48d6-8383-e34ac96970a0,f45f0905-9b1d-41d1-be40-1b1b79dce600,2025-10-07 12:53:35.648253+00
233eb34a-bc1c-462b-8976-e0a48a1e6144,🪑 RK Chair – Model 076 | Elegant & Comfortable Seating,rk-chair-model-076-or-elegant-and-comfortable-seating,2600,3200,"[""https://utqpkukuvsecwgnsprfs.supabase.co/storage/v1/object/public/product-images/products/rk-chair-model-076-or-elegant-and-comfortable-seating-1759535037411.png""]","🪑 RK Chair – Model 076 | Elegant &amp; Comfortable Seating ✅ Durable Build Quality – Crafted with premium materials to ensure long-lasting performance.✅ Ergonomic Design – Provides excellent back support for all-day comfort.✅ Stylish Finish – Modern look that complements both home and office interiors.✅ Sturdy Base – Stable structure with smooth edges and balanced weight capacity.✅ Multipurpose Use – Ideal for offices, waiting areas, study rooms, and home use. 📌 Model: 076 📞 Contact Us: 0345-3593470 | 0331-2142040📍 Address: Shop #G23, Panama Centre, Sir Shah Suleman Road, Near Esa Nagri, Hassan Square, Gulshan-e-Iqbal, Block 13D, Karachi 🌐 Website: www.Rkenterpriseshub.com📘 Facebook: [Link: facebook.com/RKEnterprisesOfficialPK (https://facebook.com/RKEnterprisesOfficialPK)]📸 Instagram: [Link: instagram.com/r.kenterprisesfurniture (https://instagram.com/r.kenterprisesfurniture)]💬 WhatsApp: wa.me/923453593470▶️ YouTube: [Link: R.K Enterprises (https://www.youtube.com/@R.kEnterprises)]",,"[""Black"",""Grey"",""Blue""]",false,false,true,false,false,false,false,false,false,false,fefd4b65-9afd-435d-8a48-45be639240ac,220eb8e8-10e3-4253-aaa3-bebc67084772,2025-10-07 12:53:35.648253+00
2966ed93-5262-4c0c-8a81-8abce3d22edc,🪑 Model RK-605 – Modern Red Bar Stool,model-rk-605-modern-red-bar-stool,9500,12500,"[""https://utqpkukuvsecwgnsprfs.supabase.co/storage/v1/object/public/product-images/products/model-rk-605-modern-red-bar-stool-1759535087461.jpeg"",""https://utqpkukuvsecwgnsprfs.supabase.co/storage/v1/object/public/product-images/products/model-rk-605-modern-red-bar-stool-1759535087461.jpeg""]","Product Description: ✅ Design: Contemporary and stylish glossy red seat with a sculpted bowl shape✅ Seat Material: High-gloss ABS plastic – sleek, smooth, and easy to clean✅ Base: Heavy-duty chrome metal base with 360° swivel✅ Footrest: Oval chrome footrest for added comfort✅ Height Adjustment: Gas-lift hydraulic mechanism with side lever✅ Finish: Striking metallic red with chrome support pole✅ Ideal For: Kitchen counters, home bars, cafes, and reception spaces 📏 Approximate Dimensions: Seat Width: 16.5 inches Seat Height (Adjustable): 22 to 32 inches Total Height: 33 to 43 inches Base Diameter: 15 inches 📞 Contact Us:📱 0345-3593470 | 0331-2142040📍 Shop #G23, Panama Centre, Sir Shah Suleman Road, Near Esa Nagri, Hassan Square, Gulshan-e-Iqbal, Block 13D, Karachi🌐 Website: www.Rkenterpriseshub.com📘 Facebook: [Link: facebook.com/RKEnterprisesOfficialPK (https://facebook.com/RKEnterprisesOfficialPK)]📸 Instagram: [Link: instagram.com/r.kenterprisesfurniture (https://instagram.com/r.kenterprisesfurniture)]💬 WhatsApp: wa.me/923453593470",,"[""Black"",""Grey"",""Blue""]",false,false,false,false,false,true,false,false,false,false,1f3162b2-b073-4699-adc5-69521edf2565,01ae3e50-a7d6-475f-9206-1ddedb9d6362,2025-10-07 12:53:35.648253+00
29962fb1-b315-432d-8a89-cced190effe7,"RK-P13 – Ergonomic Mesh Office Chair ",rk-p13-ergonomic-mesh-office-chair--582437,32000,35000,"[""https://utqpkukuvsecwgnsprfs.supabase.co/storage/v1/object/public/product-images/products/pasted-image-1760183527394-1760183528467.png""]","RK-P13 – Ergonomic Mesh Office Chair | Adjustable Headrest & Back Support  

✅ Breathable mesh back for cool airflow and comfortable long-hour sitting  
✅ Adjustable headrest and lumbar support for perfect ergonomic posture  
✅ Heavy-duty metal gas lift and 360° swivel for smooth movement  
✅ Soft cushioned seat with high-density foam for superior comfort  
✅ Reclining backrest with tilt lock control for personalized support  
✅ Durable nylon base with silent caster wheels  
✅ Stylish black mesh design for modern office interiors  
✅ Designed by RK ENTERPRISES – Professional Office Furniture in Karachi  

📍 Ideal For:
Corporate Offices | Home Workspaces | Study Rooms | Computer Desks  

📞 Contact:
0345-3593470 | 0331-2142040  

🏬 Address:
Shop # G-23, Panama Centre, Sir Shah Suleman Road, Near Essa Nagri,  
Hassan Square, Gulshan-e-Iqbal Block 13-D, Karachi  
","RK-P13 – Ergonomic Mesh Office Chair | Adjustable Headrest & Back Support  

✅ Breathable mesh back for cool airflow and comfortable long-hour sitting  
✅ Adjustable headrest and lumbar support for perfect ergonomic posture  
✅ Heavy-duty metal gas lift and 360° swivel for smooth movement  
✅ Soft cushioned seat with high-density foam for superior comfort  
✅ Reclining backrest with tilt lock control for personalized support  
✅ Durable nylon base with silent caster wheels  
✅ Stylish black mesh design for modern office interiors  
✅ Designed by RK ENTERPRISES – Professional Office Furniture in Karachi  

📍 Ideal For:
Corporate Offices | Home Workspaces | Study Rooms | Computer Desks  

📞 Contact:
0345-3593470 | 0331-2142040  

🏬 Address:
Shop # G-23, Panama Centre, Sir Shah Suleman Road, Near Essa Nagri,  
Hassan Square, Gulshan-e-Iqbal Block 13-D, Karachi  
",[],false,true,false,false,false,false,false,false,false,false,e0c4796d-ce73-47df-8b1d-56308c07ed02,3d37aed7-9ee6-4290-aba9-bb8d6a9d650e,2025-10-11 11:53:02.368988+00
2bae76d1-b040-4ef7-a286-b8974c0e37e3,Revolving Chairs n-90,revolving-chairs-n-90,19500,22000,"[""https://utqpkukuvsecwgnsprfs.supabase.co/storage/v1/object/public/product-images/products/revolving-chairs-n-90-1759534954600.png""]","Revolving Chair N-90 – Executive Comfort Meets Ergonomic Innovation Upgrade your seating experience with the Revolving Chair N-90, a premium solution designed for modern workspaces, home offices, and executive suites. Engineered for maximum comfort, durability, and mobility, the N-90 combines sleek aesthetics with cutting-edge ergonomic support to keep you productive and comfortable throughout the day. Key Features: 360° Smooth Swivel Rotation: Glide effortlessly with a full range of motion. The N-90's precision-engineered swivel base allows for fluid, silent rotation, enhancing flexibility whether you're multitasking at your desk or turning to collaborate with coworkers. Ergonomic Backrest Design: The contoured backrest supports the natural curvature of your spine, promoting healthy posture and reducing back strain. Ideal for long hours of sitting. High-Density Foam Cushioning: The seat features high-resilience foam that adapts to your body while providing consistent support. Say goodbye to pressure points and discomfort. Adjustable Height Lever: Customize your seating height with a smooth pneumatic lift mechanism. The N-90 easily accommodates users of different heights, promoting optimal leg positioning and reducing fatigue. Durable Frame and Base: Built with a reinforced metal frame and a strong nylon or chrome-plated base (depending on the model variant), the N-90 is designed to handle daily wear while supporting weight capacities up to 120 kg (265 lbs). Premium Upholstery Options: Available in high-quality mesh, leatherette, or fabric finishes, the N-90 can be tailored to fit your aesthetic preferences and office decor. Smooth-Rolling Castor Wheels: Heavy-duty caster wheels provide stable mobility across a variety of flooring surfaces, from hardwood to carpet. Optional Armrests &amp; Lumbar Support: Some models include padded, adjustable armrests and built-in lumbar support for added ergonomic benefit. Ideal For: Corporate offices Home workstations Study and conference rooms Reception and front desk areas Dimensions (Approx.): Seat Width: 48 cm Seat Depth: 45 cm Height Adjustment Range: 45 – 55 cm (from floor to seat) Backrest Height: 60 cm Whether you're working, studying, or attending long meetings, the Revolving Chair N-90 is your reliable companion for superior comfort and lasting performance. Redefine your seating with style, function, and mobility – choose the N-90 today.",,"[""Black"",""Grey"",""Blue""]",false,true,false,false,false,false,false,false,false,false,e0c4796d-ce73-47df-8b1d-56308c07ed02,7033bb29-feb9-4b3d-845a-52ad7280cc21,2025-10-07 12:53:35.648253+00
2d345559-6679-4820-bbb0-394051cdabff,🪑 RK Modern Armless Office Chair – Sleek & Functional Model: RK-MC412,rk-modern-armless-office-chair-sleek-and-functional-model-rk-mc412,10500,16500,"[""https://utqpkukuvsecwgnsprfs.supabase.co/storage/v1/object/public/product-images/products/rk-modern-stackable-chair-sleek-durable-and-space-saving-1759534747032-1759878417486.webp""]","🪑 RK Modern Armless Office Chair – Sleek &amp; FunctionalModel: RK-MC412 ✅ Product Features: Contemporary Armless Design – Perfect for compact spaces and flexible seating. High-Quality Grey Upholstery – Soft, durable, and easy to clean. Padded Seat &amp; Backrest with Grid Stitching – Adds comfort and modern style. Height Adjustment Lever – Easily set the seat height to your preference. Smooth 360° Swivel – Enables free movement for work or leisure. Chrome-Finished Base – Strong, rust-resistant, and stylish. Dual-Wheel Casters – Provide easy rolling on different floor types. 📏 Dimensions: Seat Width: 18 inches Seat Depth: 17 inches Height Adjustment Range: 17 – 21 inches 📌 Ideal For: Home offices Study areas Conference &amp; meeting rooms Reception and guest seating 📞 Contact Us:📱 0345-3593470 | 0331-2142040🏢 Shop #G23, Panama Centre, Sir Shah Suleman Road, Near Esa Nagri, Hassan Square, Gulshan-e-Iqbal, Block 13D, Karachi🌐 Website: www.Rkenterpriseshub.com📘 Facebook: facebook.com/RKEnterprisesOfficialPK📸 Instagram: instagram.com/r.kenterprisesfurniture💬 WhatsApp: wa.me/923453593470",,"[""Black"",""Grey"",""Blue""]",false,true,false,false,false,false,false,false,false,false,e0c4796d-ce73-47df-8b1d-56308c07ed02,95a48fbb-540a-4812-af7b-f028d281492e,2025-10-07 12:53:35.648253+00
2e0b4864-49cd-402a-a355-c2bf55b5c9e7,Boss RK-09-H Comforto Visitor Sofa 3-Seater Double Channel,boss-rk-09-h-comforto-visitor-sofa-3-seater-double-channel,19500,21500,"[""https://utqpkukuvsecwgnsprfs.supabase.co/storage/v1/object/public/product-images/products/boss-rk-09-h-comforto-visitor-sofa-3-seater-double-channel-1759534847381.png""]","🪑 RK Enterprises – Plastic Seat Bench (Model RK-09, 3-Seater) ✅ Durable Plastic Seating – High-quality molded plastic seats for comfort and long-lasting use✅ Strong Steel Frame – Powder-coated black frame provides strength and stability✅ Modern Ergonomic Design – Comfortable backrest and wide seat ensure relaxed seating for long hours✅ Lightweight &amp; Easy to Maintain – Easy-to-clean surface, scratch-resistant and low maintenance✅ Multi-Purpose Bench – Perfect for schools, hospitals, offices, clinics, waiting areas, banks, and public spaces✅ Rust &amp; Weather Resistant – Designed for both indoor and semi-outdoor use✅ Available Options – Can be customized in different seat colors and seating capacity (2, 3, or 4-seater) 📌 Model: PB-303📏 Type: Plastic Bench – 3 Seater🎨 Color: Beige Seats with Black Frame (customizable)🏡 Usage: Indoor &amp; Semi-Outdoor Waiting Areas",,"[""Black"",""Grey"",""Blue""]",false,true,false,false,false,false,true,false,false,false,de3ff3d7-3f1a-4bd9-80ea-1389b8e2a5f6,d614fd16-d1d3-4781-8e85-00d87c3ceaa6,2025-10-07 12:53:35.648253+00
35019261-b1df-44fd-8207-02453acce0f4,RK Enterprises – Modern Leather Bar Stool (Model: RK-5004),rk-enterprises-modern-leather-bar-stool-model-rk-5004,15500,17500,"[""https://utqpkukuvsecwgnsprfs.supabase.co/storage/v1/object/public/product-images/products/rk-enterprises-modern-leather-bar-stool-model-rk-5004-1759535148066.jpeg""]","🪑 RK Enterprises – Modern Leather Bar Stool (Model: RK-5004) ✅ Product Type: Adjustable Bar Stool✅ Material: Premium PU Leather (Black) with sleek finish✅ Seat Design: Extra-wide padded seat with semi-curve backrest for comfort✅ Frame &amp; Base: Heavy-duty chrome-plated steel with round weighted base✅ Footrest: Strong chrome circular footrest for added support✅ Height Adjustment: Gas-lift hydraulic system with side lever✅ Rotation: 360° Swivel function for flexible use✅ Comfort: Thick cushioning for long sitting hours✅ Usage: Perfect for kitchens, cafés, restaurants, bars &amp; reception areas✅ Style: Minimalist, modern &amp; durable 📌 Contact &amp; Ordering 📞 0345-3593470 | 0331-2142040📍 Shop #G23, Panama Centre, Sir Shah Suleman Road, Near Esa Nagri, Hassan Square, Block 13D, Karachi🌐 www.Rkenterpriseshub.com📘 [Link: facebook.com/RKEnterprisesOfficialPK (https://www.facebook.com/RKEnterprisesOfficialPK)]📸 [Link: instagram.com/r.kenterprisesfurniture (https://www.instagram.com/r.kenterprisesfurniture)]💬 WhatsApp",,"[""Black"",""Grey"",""Blue""]",true,false,false,false,false,true,false,false,false,false,1f3162b2-b073-4699-adc5-69521edf2565,01ae3e50-a7d6-475f-9206-1ddedb9d6362,2025-10-07 12:53:35.648253+00
3970685d-86f7-4c49-a20a-640e1872956c,RK Premium Revolving Chair – Model RK-508-LUX,rk-premium-revolving-chair-model-rk-508-lux,10500,14500,"[""https://utqpkukuvsecwgnsprfs.supabase.co/storage/v1/object/public/product-images/products/rk-premium-revolving-chair-model-rk-508-lux-1759535060965.jpeg""]","🪑 RK Premium Revolving Chair – Model RK-508-LUX ✅ Product Features: Modern Curved Design:Elegant curve-shaped backrest and seat with stitched detailing for premium aesthetics and enhanced comfort. High-Density Foam Cushioning:Thick and soft padding ensures a comfortable seating experience even during long sitting hours. 360° Swivel &amp; Adjustable Height:Smooth rotating seat with gas-lift lever for height adjustment to match various table levels and user preferences. Chrome-Plated Metal Base:Stylish 5-leg base with glossy chrome finish, ensuring both strength and aesthetic appeal. Durable Castor Wheels:Silent and smooth-gliding wheels suitable for hardwood, tile, and carpeted floors. Compact Yet Spacious:Wide seating area and curved backrest provide both space efficiency and ergonomic support. 📏 Measured Dimensions: Total Chair Height: Minimum: 75 cm Maximum: 86 cm Seat Height from Floor: Minimum: 42 cm Maximum: 54 cm Seat Width (Front): 49 cm Seat Depth: 38 cm Backrest Height: 33 cm Backrest Width (Top): 45 cm Leg Base Width (Front-to-Back): 54 cm Leg Base Depth (Side-to-Side): 42 cm Leg Span at Widest Point: 49 cm 🧑‍💼 Best For: Home Offices Makeup Vanity Seating Reception Desks Study &amp; Computer Tables Boutique or Studio Environments 📞 Contact to Order – RK ENTERPRISES 📍 Address: Shop #G23, Panama Centre, Sir Shah Suleman Road, Near Esa Nagri, Hassan Square, Gulshan-e-Iqbal, Block 13D, Karachi📞 0345-3593470 | 0331-2142040🌐 Website: www.rkenterpriseshub.com📘 Facebook: [Link: facebook.com/RKEnterprisesOfficialPK (https://www.facebook.com/RKEnterprisesOfficialPK)]📸 Instagram: [Link: instagram.com/r.kenterprisesfurniture (https://www.instagram.com/r.kenterprisesfurniture)]▶️ YouTube: [Link: youtube.com/@R.kEnterprises-f5j (https://www.youtube.com/@R.kEnterprises-f5j)]📱 WhatsApp Direct: wa.me/923453593470",,"[""Black"",""Grey"",""Blue""]",false,true,false,false,false,false,false,false,false,false,e0c4796d-ce73-47df-8b1d-56308c07ed02,95a48fbb-540a-4812-af7b-f028d281492e,2025-10-07 12:53:35.648253+00
3c0a6039-e470-4a7c-b8b9-e90c9f510db8,🪑 RK Enterprises – Mesh Office Chair (Model: RK-321),rk-enterprises-mesh-office-chair-model-rk-321,9500,12500,"[""https://utqpkukuvsecwgnsprfs.supabase.co/storage/v1/object/public/product-images/products/rk-enterprises-mesh-office-chair-model-rk-321-1759535151850.jpeg"",""https://utqpkukuvsecwgnsprfs.supabase.co/storage/v1/object/public/product-images/products/rk-enterprises-mesh-office-chair-model-rk-321-1759535151850.jpeg"",""https://utqpkukuvsecwgnsprfs.supabase.co/storage/v1/object/public/product-images/products/rk-enterprises-mesh-office-chair-model-rk-321-1759535151850.jpeg"",""https://utqpkukuvsecwgnsprfs.supabase.co/storage/v1/object/public/product-images/products/rk-enterprises-mesh-office-chair-model-rk-321-1759535151850.jpeg""]","🪑 RK Enterprises – Mesh Office Chair (Model: RK-321) ✅ Product Type: Ergonomic Office Chair✅ Material: Breathable mesh back with cushioned fabric seat✅ Seat Size: 24 inches (W) × 24 inches (D)✅ Chair Height: 37 inches (standard ergonomic design)✅ Backrest: High-density mesh for airflow &amp; lumbar support✅ Armrests: Fixed, curved plastic armrests for comfort✅ Base: Durable 5-star nylon base with smooth caster wheels✅ Height Adjustment: Pneumatic seat height control✅ Rotation: 360° swivel function✅ Comfort: Lightweight, ergonomic &amp; space-efficient✅ Usage: Ideal for office desks, study tables &amp; work-from-home setups✅ Style: Modern, minimal &amp; professional 📌 Contact &amp; Ordering 📞 0345-3593470 | 0331-2142040📍 Shop #G23, Panama Centre, Sir Shah Suleman Road, Near Esa Nagri, Hassan Square, Block 13D, Karachi🌐 www.Rkenterpriseshub.com📘 [Link: facebook.com/RKEnterprisesOfficialPK (https://www.facebook.com/RKEnterprisesOfficialPK)]📸 [Link: instagram.com/r.kenterprisesfurniture (https://www.instagram.com/r.kenterprisesfurniture)]💬 WhatsApp",,"[""Black"",""Grey"",""Blue""]",false,true,false,false,false,false,false,false,false,false,e0c4796d-ce73-47df-8b1d-56308c07ed02,3d37aed7-9ee6-4290-aba9-bb8d6a9d650e,2025-10-07 12:53:35.648253+00
40bace2b-72ed-442f-8366-6e553ddd224c,🪑 RK-670 Plastic Study Chair – Durable & Practical,rk-670-plastic-study-chair-durable-and-practical,2350,2800,"[""https://utqpkukuvsecwgnsprfs.supabase.co/storage/v1/object/public/product-images/products/rk-670-plastic-study-chair-durable-and-practical-1759535027324.png""]","🪑 RK-670 Plastic Study Chair – Durable &amp; Practical Features ✅ Comfortable plastic seat with ergonomic backrest✅ Strong metal legs with non-slip foot caps✅ Lightweight, stackable, and easy to move✅ Durable for long-term use✅ Suitable for study rooms, schools, and waiting areas Specifications Model No.: RK-670 Material: High-Quality Plastic Seat Frame: Metal Legs with Rubber Caps Colors: Blue, Red, Black, Green Size: Standard study chair height Use: Study, School, Office, Waiting Area, Home Why RK Enterprises ✨ Premium Quality✨ Affordable Price✨ Wide Furniture Range✨ Trusted Brand in Karachi Contact &amp; Links 📞 0345-3593470 | 0331-2142040📍 Shop #G23, Panama Centre, Sir Shah Suleman Road, Near Esa Nagri, Hassan Square, Gulshan-e-Iqbal, Block 13D, Karachi 🌐 Website: [Link: www.Rkenterpriseshub.com (http://www.Rkenterpriseshub.com)]📘 Facebook: [Link: facebook.com/RKEnterprisesOfficialPK (https://facebook.com/RKEnterprisesOfficialPK)]📸 Instagram: [Link: instagram.com/r.kenterprisesfurniture (https://instagram.com/r.kenterprisesfurniture)]💬 WhatsApp: wa.me/923453593470▶️ YouTube: [Link: R.K Enterprises (https://www.youtube.com/@R.kEnterprises)]",,"[""Black"",""Grey"",""Blue""]",false,false,true,false,false,false,false,false,false,false,fefd4b65-9afd-435d-8a48-45be639240ac,220eb8e8-10e3-4253-aaa3-bebc67084772,2025-10-07 12:53:35.648253+00
42d076f0-c129-4559-bf8f-d327fd26abd0,Revolving Chairs,revolving-chairs,26500,29500,"[""https://utqpkukuvsecwgnsprfs.supabase.co/storage/v1/object/public/product-images/products/revolving-chairs-1759534971811.png""]","🪑 Model RK-B544 – Mesh Back Revolving Office Chair Product Description: ✅ Design: Ergonomic low-back office chair with breathable mesh support✅ Seat Material: Soft cushioned foam seat with durable fabric upholstery✅ Backrest: Flexible mesh back to promote airflow and posture support✅ Armrests: Stylish curved plastic armrests for relaxed arm positioning✅ Mechanism: Pneumatic seat height adjustment lever with 360° swivel✅ Base: Heavy-duty 5-star nylon base with smooth-rolling caster wheels✅ Ideal For: Offices, study desks, computer workstations, and students 📏 Approximate Dimensions: Seat Width: 18 inches Seat Depth: 17 inches Adjustable Height: 33 to 39 inches Backrest Height: 19 inches Weight Capacity: Up to 110 kg 📞 Contact Us:📱 0345-3593470 | 0331-2142040📍 Shop #G23, Panama Centre, Sir Shah Suleman Road, Near Esa Nagri, Hassan Square, Gulshan-e-Iqbal, Block 13D, Karachi🌐 Website: www.Rkenterpriseshub.com📘 Facebook: [Link: facebook.com/RKEnterprisesOfficialPK (https://facebook.com/RKEnterprisesOfficialPK)]📸 Instagram: [Link: instagram.com/r.kenterprisesfurniture (https://instagram.com/r.kenterprisesfurniture)]💬 WhatsApp: wa.me/923453593470",,"[""Black"",""Grey"",""Blue""]",true,true,false,true,false,false,false,false,false,false,e0c4796d-ce73-47df-8b1d-56308c07ed02,feaa3ab5-ec64-401d-a00a-125dd4997533,2025-10-07 12:53:35.648253+00
438c42c8-c7b9-402b-be06-1da479c46cd6,RK Enterprises – Premium Recliner Executive Chair (Model RK-R900),rk-enterprises-premium-recliner-executive-chair-model-rk-r900,65000,90000,"[""https://utqpkukuvsecwgnsprfs.supabase.co/storage/v1/object/public/product-images/products/rk-enterprises-premium-recliner-executive-chair-model-rk-r900-1759535003217.png""]","🪑 RK Enterprises – Premium Recliner Executive Chair (Model RK-R900) Upgrade your office or home workspace with this luxurious, ergonomic recliner executive chair designed for elite comfort and productivity. Crafted with high-grade black leatherette upholstery and a solid chrome base, this chair is the perfect blend of style, support, and functionality. ✅ Key Features: High-Back Ergonomic Design: Supports spine, shoulders, and neck during long working hours Recliner Mechanism with Side Lever: Allows smooth reclining and footrest extension for relaxation Extra Thick Cushioned Seat &amp; Backrest: Ensures superior comfort and durability Padded Armrests: Designed for arm support with extra softness 360° Swivel with Smooth Rolling Wheels: Offers full mobility and silent movement Premium PU Leather Upholstery: Water-resistant, easy to clean, and elegant matte finish Sturdy Chrome Base with Gas Lift: Adjustable height and heavy-duty frame for long-term use 📐 Dimensions (Approx): Height: 45"" – 49"" adjustable Seat Width: 22"" Seat Depth: 20"" Base Width: 26"" Recline Range: Up to 135° 📍 Contact &amp; Order Now: 📞 0345-3593470 | 0331-2142040🏢 Shop #G23, Panama Centre, Sir Shah Suleman Road, Near Esa Nagri, Hassan Square, Block 13D, Gulshan-e-Iqbal, Karachi🌐 www.rkenterpriseshub.com📘 [Link: Facebook (https://www.facebook.com/RKEnterprisesOfficialPK)]📸 [Link: Instagram (https://www.instagram.com/r.kenterprisesfurniture)]📱 WhatsApp",,"[""Black"",""Grey"",""Blue""]",true,true,false,true,false,false,false,false,false,false,e0c4796d-ce73-47df-8b1d-56308c07ed02,feaa3ab5-ec64-401d-a00a-125dd4997533,2025-10-07 12:53:35.648253+00
4493bb12-c4f5-4dcf-9420-20fe934f3184,🪑 Classic Wooden Frame Leather Chair – Model RK-352,classic-wooden-frame-leather-chair-model-rk-352,7500,14500,"[""https://utqpkukuvsecwgnsprfs.supabase.co/storage/v1/object/public/product-images/products/classic-wooden-frame-leather-chair-model-rk-352-1759534879703.png""]","🪑 Classic Wooden Frame Leather Chair – Model RK-352 ✅ Premium Green PU Leather Upholstery – Elegant, durable, and easy to clean.✅ Deep Button-Tufted Backrest – Adds a luxurious, timeless touch.✅ Solid Wooden Frame &amp; Armrests – Provides strength, durability, and a rich finish.✅ Comfortable Cushioned Seat – High-density foam for extended seating comfort.✅ Antique Brass Stud Detailing – Enhances the traditional executive look.✅ Elegant Office &amp; Lounge Design – Perfect for executive offices, reception areas, and meeting rooms. 📏 Dimensions: Standard executive visitor chair size.🎨 Color: Green upholstery with polished wooden frame.🏢 Best For: Executive cabins, reception areas, conference rooms, and lounges. 📞 Contact: 0345-3593470 | 0331-2142040📍 Address: Shop #G23, Panama Centre, Sir Shah Suleman Road, Near Esa Nagri, Hassan Square, Gulshan-e-Iqbal, Block 13D, Karachi🌐 Website: www.Rkenterpriseshub.com📘 Facebook: [Link: facebook.com/RKEnterprisesOfficialPK (https://www.facebook.com/RKEnterprisesOfficialPK)]📸 Instagram: [Link: instagram.com/r.kenterprisesfurniture (https://www.instagram.com/r.kenterprisesfurniture)]💬 WhatsApp: wa.me/923453593470",,"[""Black"",""Grey"",""Blue""]",true,true,false,false,false,false,false,false,false,false,e0c4796d-ce73-47df-8b1d-56308c07ed02,ac812c98-d8aa-4833-9dd7-6224422206af,2025-10-07 12:53:35.648253+00
4604be68-1725-4e6b-a98e-3a424df557fc,Plastic Chairs,plastic-chairs,3250,3500,"[""https://utqpkukuvsecwgnsprfs.supabase.co/storage/v1/object/public/product-images/products/plastic-chairs-1759535033713.png""]","🪑 RK Chair – Model 662 | Modern Rattan Style ✅ Premium Plastic Frame – Strong molded body with a stylish woven texture.✅ Metallic Legs – Silver finish legs with anti-slip caps for durability.✅ Comfortable Seating – Rounded backrest and armrest for maximum comfort.✅ Multi-Purpose Use – Ideal for home, office, balcony, garden, or cafes.✅ Low Maintenance – Easy to clean, lightweight, and weather-resistant. 📌 Model: 662 📞 Contact Us: 0345-3593470 | 0331-2142040📍 Address: Shop #G23, Panama Centre, Sir Shah Suleman Road, Near Esa Nagri, Hassan Square, Gulshan-e-Iqbal, Block 13D, Karachi 🌐 Website: www.Rkenterpriseshub.com📘 Facebook: [Link: facebook.com/RKEnterprisesOfficialPK (https://facebook.com/RKEnterprisesOfficialPK)]📸 Instagram: [Link: instagram.com/r.kenterprisesfurniture (https://instagram.com/r.kenterprisesfurniture)]💬 WhatsApp: wa.me/923453593470▶️ YouTube: [Link: R.K Enterprises (https://www.youtube.com/@R.kEnterprises)] 👉 RK Enterprises – Feel The Comfort",,"[""Black"",""Grey"",""Blue""]",false,false,true,false,false,false,false,false,false,false,fefd4b65-9afd-435d-8a48-45be639240ac,220eb8e8-10e3-4253-aaa3-bebc67084772,2025-10-07 12:53:35.648253+00
4696c060-8c2f-46e0-81c6-389f8ab7f6f9,🪑 Detailed Description – Model RK-BOSS-02,detailed-description-model-rk-boss-02,55000,85000,"[""https://utqpkukuvsecwgnsprfs.supabase.co/storage/v1/object/public/product-images/products/detailed-description-model-rk-boss-02-1759534960417.png""]","🪑 Detailed Description – Model RK-BOSS-02 Upgrade your workspace with the RK-BOSS-02 Executive Boss Chair, crafted for comfort, luxury, and leadership. This chair is designed to deliver both aesthetic appeal and functional excellence for senior professionals and executives. ✅ Key Features: ✅ Model: RK-BOSS-02 ✅ Upholstery: Premium-grade rich brown PU leather – stylish, durable, and easy to clean ✅ Design: High-back ergonomic design for superior back, neck, and shoulder support ✅ Cushioning: Double-layered pillow-top seat and backrest for ultra-soft comfort during long hours ✅ Reclining Function: Built-in recliner lock lever for customized tilt angle and relaxation ✅ Armrests: Padded armrests with chrome-plated steel frame – strong and elegant ✅ Mechanism: Smooth hydraulic gas lift for height adjustment ✅ Base: Solid 5-leg chrome base with 360° swivel and smooth-glide wheels ✅ Mobility: Easy movement with noiseless casters – safe for all floor types ✅ Weight Capacity: Heavy-duty construction suitable for 120+ kg users ✅ Ideal For: Executives, managers, directors, and luxury office setups 📦 Uses &amp; Placement: Perfect for: Executive cabins Office meeting rooms Home office setups Boardrooms 🔗 Official Links: 🌐 Website: www.rkenterpriseshub.com📘 Facebook: [Link: facebook.com/RKEnterprisesOfficialPK (https://www.facebook.com/RKEnterprisesOfficialPK)]📸 Instagram: [Link: instagram.com/r.kenterprisesfurniture (https://www.instagram.com/r.kenterprisesfurniture)]📱 WhatsApp: wa.me/923453593470",,"[""Black"",""Grey"",""Blue""]",true,true,false,false,false,false,false,false,false,false,e0c4796d-ce73-47df-8b1d-56308c07ed02,3d37aed7-9ee6-4290-aba9-bb8d6a9d650e,2025-10-07 12:53:35.648253+00
47099c33-b049-4eb7-a7ad-aa77dc391df4,RK Auditorium Chair with Writing Pad – Premium Hall Seating (Model: RK-AU-501),rk-auditorium-chair-with-writing-pad-premium-hall-seating-model-rk-au-501,47500,65000,"[""https://utqpkukuvsecwgnsprfs.supabase.co/storage/v1/object/public/product-images/products/rk-auditorium-chair-with-writing-pad-premium-hall-seating-model-rk-au-501-1759534905835.png""]","🎭 RK Auditorium Chair with Writing Pad – Premium Hall Seating (Model: RK-AU-501) ✅ Key Features: High-density ergonomic backrest and seat cushioning for long hours of comfort Durable fabric upholstery in rich rust-orange color Integrated folding writing pad – ideal for lecture halls, conference rooms, and seminar spaces Strong metal frame with dual-leg support for stability Elegant wooden armrests with smooth edges for added class Foldable seat design with automatic spring return mechanism Sleek black molded ABS panel base for protection and clean aesthetics Fixed floor-mount design for professional installations 📞 Contact Us:0345-3593470 | 0331-2142040📍 Shop #G23, Panama Centre, Sir Shah Suleman Road, Near Esa Nagri, Hassan Square, Block 13D, Karachi🌐 www.Rkenterpriseshub.com📘 [Link: facebook.com/RKEnterprisesOfficialPK (https://facebook.com/RKEnterprisesOfficialPK)]📸 [Link: instagram.com/r.kenterprisesfurniture (https://instagram.com/r.kenterprisesfurniture)]📱 wa.me/923453593470",,"[""Black"",""Grey"",""Blue""]",true,false,false,false,false,false,false,true,false,false,2df6d287-acef-48d6-8383-e34ac96970a0,c8ed04a8-2b7d-4e63-85c2-21eee6b9b92a,2025-10-07 12:53:35.648253+00
494d0ef0-78e1-445b-83c1-459bc3f77356,"RK-C102 – Blue Revolving Chair ",rk-c102-blue-revolving-chair--756058,10500,14000,"[""https://utqpkukuvsecwgnsprfs.supabase.co/storage/v1/object/public/product-images/products/img20251011162640-1760182083032.jpg"",""https://utqpkukuvsecwgnsprfs.supabase.co/storage/v1/object/public/product-images/products/img20251011162626-1760182099517.jpg"",""https://utqpkukuvsecwgnsprfs.supabase.co/storage/v1/object/public/product-images/products/img20251011162558-1760182109743.jpg""]","RK-C102 – Blue Revolving Chair | Modern Comfort for Office & Study Use

✅ Elegant curved plastic seat with ergonomic back support  
✅ Smooth 360° rotation with height-adjustable gas lift  
✅ Premium chrome base with smooth-rolling wheels  
✅ Lightweight yet durable design — ideal for office or home study setups  
✅ Easy to clean, fade-resistant surface  
✅ Stylish pastel blue finish for a modern workspace look  

📍 Perfect For:
Offices | Study Rooms | Reception Areas | Home Workstations  

📞 Contact:
0345-3593470 | 0331-2142040  

📍 Address:
Shop #G-23, Panama Centre, Sir Shah Suleman Road, Near Essa Nagri, Hassan Square, Gulshan-e-Iqbal, Block 13-D, Karachi  
","RK-C102 – Blue Revolving Chair | Modern Comfort for Office & Study Use

✅ Elegant curved plastic seat with ergonomic back support  
✅ Smooth 360° rotation with height-adjustable gas lift  
✅ Premium chrome base with smooth-rolling wheels  
✅ Lightweight yet durable design — ideal for office or home study setups  
✅ Easy to clean, fade-resistant surface  
✅ Stylish pastel blue finish for a modern workspace look  

📍 Perfect For:
Offices | Study Rooms | Reception Areas | Home Workstations  

📞 Contact:
0345-3593470 | 0331-2142040  

📍 Address:
Shop #G-23, Panama Centre, Sir Shah Suleman Road, Near Essa Nagri, Hassan Square, Gulshan-e-Iqbal, Block 13-D, Karachi  
","[""Blue,Grey,Pink""]",false,true,false,false,false,false,false,true,false,false,e0c4796d-ce73-47df-8b1d-56308c07ed02,95a48fbb-540a-4812-af7b-f028d281492e,2025-10-11 11:22:35.980645+00
4b50602e-4346-4a5a-8f04-ce4eae36e547,Dinning Chairs/Visiting Chair,dinning-chairsvisiting-chair,5500,7500,"[""https://utqpkukuvsecwgnsprfs.supabase.co/storage/v1/object/public/product-images/products/dinning-chairsvisiting-chair-1759534682125.png""]"," Model RK-Black Sleek Chair – Modern & Durable Details Description:
The RK-Black Sleek Chair is designed for modern spaces where style meets durability. Featuring a sturdy chrome-plated steel frame with a sleek black plastic seat and backrest, this chair is ideal for offices, waiting areas, training halls, and event setups. The ergonomic back curve provides enhanced support, while the lightweight stackable design ensures easy storage and portability. 
✅ Premium quality black plastic seat &amp; back 
✅ Chrome-plated strong metal frame
 ✅ Comfortable &amp; ergonomic design ✅ Stackable for easy storage ✅ Suitable for offices, schools, events &amp; waiting areas",,"[""Black"",""Grey"",""Blue""]",true,true,false,false,false,true,false,true,false,false,fefd4b65-9afd-435d-8a48-45be639240ac,220eb8e8-10e3-4253-aaa3-bebc67084772,2025-10-07 12:53:35.648253+00
4f9fd7ae-07cd-45ab-bb86-980a08b3ca04,"RK Modern Stackable Chair – Sleek, Durable & Space-Saving",rk-modern-stackable-chair-sleek-durable-and-space-saving,5800,7500,"[""https://utqpkukuvsecwgnsprfs.supabase.co/storage/v1/object/public/product-images/products/rk-modern-stackable-chair-sleek-durable-and-space-saving-1759534747032-1759878417486.webp""]","🪑 RK Modern Stackable Chair – Sleek, Durable &amp; Space-Saving ✅ Modern Design – Stylish layered seat &amp; backrest for a contemporary look ✅ Comfortable Seating – Ergonomic curves for posture support &amp; relaxation ✅ Strong Build – High-quality plastic seat with chrome-plated metal legs ✅ Lightweight &amp; Stackable – Easy to move, store &amp; save space ✅ Multi-Purpose Use – Ideal for cafes, dining areas, offices, training rooms &amp; events 📞 Contact Us 0345-3593470 | 0331-2142040 📍 Showroom Address Shop #G23, Panama Centre, Sir Shah Suleman Road, Near Esa Nagri, Hassan Square, Gulshan-e-Iqbal, Block 13D, Karachi 🌐 Website: www.Rkenterpriseshub.com 📘 Facebook: facebook.com/RKEnterprisesOfficialPK 📸 Instagram: instagram.com/r.kenterprisesfurniture 💬 WhatsApp: wa.me/923453593470 👉 Perfect choice for modern interiors &amp; commercial use – stylish yet practical seating solution.",,"[""Black"",""Grey"",""Blue""]",false,true,true,false,false,true,true,true,true,false,1f3162b2-b073-4699-adc5-69521edf2565,03825077-ea9c-4ff0-866f-c3db11920880,2025-10-07 12:53:35.648253+00
53babdfd-629a-4220-8634-235000f6f226,🪑 RK Study Chair with Writing Pad – Model RK-210,rk-study-chair-with-writing-pad-model-rk-210,4500,4800,"[""https://utqpkukuvsecwgnsprfs.supabase.co/storage/v1/object/public/product-images/products/rk-enterprises-model-rk-209-student-chair-with-writing-pad-1759534928539.png""]","🪑 RK Study Chair with Writing Pad – Model RK-210 ✅ Durable Design – Strong metal frame with foldable structure ✅ Comfortable Seating – Ergonomic plastic seat &amp; backrest for long sitting hours ✅ Attached Writing Pad – Spacious foldable writing desk for study, training &amp; exams ✅ Space-Saving – Foldable design makes it easy to store and move ✅ Multi-Purpose Use – Ideal for classrooms, coaching centers, training halls &amp; offices 📞 Contact Us 0345-3593470 | 0331-2142040 🏬 Address Shop #G23, Panama Centre, Sir Shah Suleman Road, Near Esa Nagri, Hassan Square, Gulshan-e-Iqbal, Block 13D, Karachi 🌐 Website: www.Rkenterpriseshub.com 📘 Facebook: facebook.com/RKEnterprisesOfficialPK 📸 Instagram: instagram.com/r.kenterprisesfurniture 💬 WhatsApp: wa.me/923453593470",,"[""Black"",""Grey"",""Blue""]",false,false,false,false,false,false,false,true,false,false,2df6d287-acef-48d6-8383-e34ac96970a0,f45f0905-9b1d-41d1-be40-1b1b79dce600,2025-10-07 12:53:35.648253+00
54bf9ba6-e0a6-431d-b26a-13ccdae682cf,🪑 RK Folding Chair – Cushioned Comfort in Compact Design (Model: RK-FC-007),rk-folding-chair-cushioned-comfort-in-compact-design-model-rk-fc-007,6500,8500,"[""https://utqpkukuvsecwgnsprfs.supabase.co/storage/v1/object/public/product-images/products/rk-folding-chair-cushioned-comfort-in-compact-design-model-rk-fc-007-1759535077875.png""]","🪑 RK Folding Chair – Cushioned Comfort in Compact Design (Model: RK-FC-007) ✅ Key Features: Premium black metal frame with matte finish Comfortable chocolate brown cushioned seat and backrest Foldable design for easy storage and portability Non-slip rubber feet for floor protection Ideal for events, study rooms, offices, and home use Durable structure supports extended seating hours 🔹 Short Description: Chocolate brown cushioned folding chair with black frame – perfect for office, study, or indoor events. Portable, durable, and space-saving design. 📞 Contact Us:0345-3593470 | 0331-2142040📍 Shop #G23, Panama Centre, Sir Shah Suleman Road, Near Esa Nagri, Hassan Square, Block 13D, Karachi🌐 www.Rkenterpriseshub.com📘 [Link: facebook.com/RKEnterprisesOfficialPK (https://facebook.com/RKEnterprisesOfficialPK)]📸 [Link: instagram.com/r.kenterprisesfurniture (https://instagram.com/r.kenterprisesfurniture)]📱 wa.me/923453593470",,"[""Black"",""Grey"",""Blue""]",false,false,false,false,false,false,false,false,false,true,69109c18-45a8-471c-95fb-30ac08a98f6c,e0cb6ca5-7171-47f6-8bed-3fb4b1a0815f,2025-10-07 12:53:35.648253+00
5bb47a74-41bf-4162-ba1a-54cf0ddf989a,🪑 RK-B102 Plastic Arm Chair – Heavy Duty & Stackable,rk-b102-plastic-arm-chair-heavy-duty-and-stackable,2150,2500,"[""https://utqpkukuvsecwgnsprfs.supabase.co/storage/v1/object/public/product-images/products/rk-b102-plastic-arm-chair-heavy-duty-and-stackable-1759535030843.jpeg""]","🪑 RK-B102 Plastic Arm Chair – Heavy Duty &amp; Stackable Features ✅ Strong molded plastic with ventilated back design✅ Comfortable wide armrests for extra support✅ Stackable design for easy storage✅ Weather-resistant and durable✅ Suitable for indoor &amp; outdoor use Specifications Model No.: B-102 Material: High-Quality Molded Plastic Design: Arm Chair with Ventilated Back Colors: Black, Brown, Grey Stackable: Yes (space saving) Use: Outdoor, Garden, Patio, Café, Home, Waiting Areas Why RK Enterprises ✨ Premium Quality✨ Affordable Price✨ Wide Furniture Range✨ Trusted Brand in Karachi Contact &amp; Links 📞 0345-3593470 | 0331-2142040📍 Shop #G23, Panama Centre, Sir Shah Suleman Road, Near Esa Nagri, Hassan Square, Gulshan-e-Iqbal, Block 13D, Karachi 🌐 Website: [Link: www.Rkenterpriseshub.com (http://www.Rkenterpriseshub.com)]📘 Facebook: [Link: facebook.com/RKEnterprisesOfficialPK (https://facebook.com/RKEnterprisesOfficialPK)]📸 Instagram: [Link: instagram.com/r.kenterprisesfurniture (https://instagram.com/r.kenterprisesfurniture)]💬 WhatsApp: wa.me/923453593470▶️ YouTube: [Link: R.K Enterprises (https://www.youtube.com/@R.kEnterprises)]",,"[""Black"",""Grey"",""Blue""]",false,false,true,false,false,false,false,false,false,false,fefd4b65-9afd-435d-8a48-45be639240ac,220eb8e8-10e3-4253-aaa3-bebc67084772,2025-10-07 12:53:35.648253+00
5e101c64-9750-4fb6-a7de-ee8f20808006,🍸 RK Modern Bar Stool – Sleek Comfort & Style ✅ Model No.: RK-BS210,rk-modern-bar-stool-sleek-comfort-and-style-model-no-rk-bs210,10500,14500,"[""https://utqpkukuvsecwgnsprfs.supabase.co/storage/v1/object/public/product-images/products/rk-modern-bar-stool-sleek-comfort-and-style-model-no-rk-bs210-1759534674750.png""]","RK Modern Bar Stool – Sleek Comfort &amp; Style 
✅ Model No.: RK-BS210 
✅ Premium PU leather padded seat with horizontal stitching 
✅ Adjustable height with smooth gas lift mechanism 
✅ Strong chrome base &amp; footrest for durability and comfort 
✅ 360° swivel design for easy movement ✅ Ideal for kitchens, cafés, bars, and reception areas 📞 Contact Us: 0345-3593470 | 0331-2142040 📍 Address: Shop #G23, Panama Centre, Sir Shah Suleman Road, Near Esa Nagri, Hassan Square, Gulshan-e-Iqbal, Block 13D, Karachi 🌐 Website: www.Rkenterpriseshub.com 📘 Facebook: facebook.com/RKEnterprisesOfficialPK 📸 Instagram: instagram.com/r.kenterprisesfurniture ▶️ YouTube: youtube.com/@R.kEnterprises 💬 WhatsApp: wa.me/923453593470 ✨ RK Enterprises – Feel The Comfort",,"[""Black"",""Grey"",""Blue""]",true,true,false,false,false,true,false,false,false,false,1f3162b2-b073-4699-adc5-69521edf2565,01ae3e50-a7d6-475f-9206-1ddedb9d6362,2025-10-07 12:53:35.648253+00
63f7b07f-01c9-46a4-aebd-b43ccdce68f9,🪑 RK Revolving Office Chair – Model RK-208-MAC,rk-revolving-office-chair-model-rk-208-mac,12500,14500,"[""https://utqpkukuvsecwgnsprfs.supabase.co/storage/v1/object/public/product-images/products/rk-revolving-office-chair-model-rk-208-mac-1759535007197.png""]","🪑 RK Revolving Office Chair – Model RK-208-MAC ✅ Product Features: Stylish Two-Tone Fabric Upholstery: Mid-back ergonomic design with soft blue fabric on seat and backrest, framed in durable black plastic – modern and minimalist. Fixed Arm Design: Smoothly curved fixed armrests provide stable forearm support while maintaining a compact footprint. Durable PP Frame: High-quality polypropylene body ensures structural strength and long-lasting durability for daily use. 360° Swivel Base with Castor Wheels: Smooth movement in any direction with a strong black 5-leg nylon base and silent castor wheels. Comfortable Cushioning: Medium-density foam offers a balance of firmness and comfort, ideal for extended sitting. Ideal Height for Desks: Fixed height structure perfect for students, front desk staff, or general office environments. 📏 Specifications: Model: RK-208-MAC Color: Blue seat/back with black frame Base: 5-star PP plastic base with castors Seat Material: Fabric-padded Backrest: Medium height, padded Swivel: Yes Height Adjustment: No (Fixed height) Armrests: Fixed Weight Capacity: Up to 90–100 kg 🧑‍💼 Best For: Study Rooms &amp; Coaching Centers Call Centers &amp; Reception Desks Home Computer Tables Compact Office Setups 📞 Order Now – Contact RK ENTERPRISES: 📍 Shop #G23, Panama Centre, Sir Shah Suleman Road, Near Esa Nagri, Hassan Square, Gulshan-e-Iqbal, Block 13D, Karachi 📞 0345-3593470 | 0331-2142040 🌐 www.Rkenterpriseshub.com 📘 facebook.com/RKEnterprisesOfficialPK 📸 instagram.com/r.kenterprisesfurniture 📱 wa.me/923453593470",,"[""Black"",""Grey"",""Blue""]",false,true,false,false,false,false,false,false,false,false,e0c4796d-ce73-47df-8b1d-56308c07ed02,95a48fbb-540a-4812-af7b-f028d281492e,2025-10-07 12:53:35.648253+00
6809ac28-a43a-469a-bc6c-cb72b3f61369,Dinning Chairs,dinning-chairs,5500,6800,"[""https://utqpkukuvsecwgnsprfs.supabase.co/storage/v1/object/public/product-images/products/dinning-chairs-1759534694363.png""]","🪑 Model RK-Black Sleek Chair – Modern &amp; Durable Details Description:The RK-Black Sleek Chair is designed for modern spaces where style meets durability. Featuring a sturdy chrome-plated steel frame with a sleek black plastic seat and backrest, this chair is ideal for offices, waiting areas, training halls, and event setups. The ergonomic back curve provides enhanced support, while the lightweight stackable design ensures easy storage and portability. ✅ Premium quality black plastic seat &amp; back ✅ Chrome-plated strong metal frame ✅ Comfortable &amp; ergonomic design ✅ Stackable for easy storage ✅ Suitable for offices, schools, events &amp; waiting areas",,"[""Black"",""Grey"",""Blue""]",false,true,false,false,false,true,false,false,false,false,1f3162b2-b073-4699-adc5-69521edf2565,03825077-ea9c-4ff0-866f-c3db11920880,2025-10-07 12:53:35.648253+00
6ac7e35e-6ec4-4c98-851d-46521bfdd16a,RK Wooden Folding Table & Chair Set – Natural Style & Comfort,rk-wooden-folding-table-and-chair-set-natural-style-and-comfort,36500,42500,"[""https://utqpkukuvsecwgnsprfs.supabase.co/storage/v1/object/public/product-images/products/rk-wooden-folding-table-and-chair-set-natural-style-and-comfort-1759534790418-1759879723720.webp""]","🌿 RK Wooden Folding Table &amp; Chair Set – Natural Style &amp; Comfort ✅ Model No.: RK-WF401 ✅ Set includes 1 round folding table + 4 wooden folding chairs ✅ Crafted from high-quality durable wood with natural finish ✅ Foldable design – saves space &amp; easy to store ✅ Comfortable backrest with stylish wooden slats ✅ Perfect for balcony, garden, outdoor cafés, an",,"[""Black"",""Grey"",""Blue""]",false,false,false,false,false,true,false,false,false,true,69109c18-45a8-471c-95fb-30ac08a98f6c,e0cb6ca5-7171-47f6-8bed-3fb4b1a0815f,2025-10-07 12:53:35.648253+00
6b04748b-3df7-4d74-b619-868b530ee30f,RK Student Desk – Model RK-214,rk-student-desk-model-rk-214,12500,14500,"[""https://utqpkukuvsecwgnsprfs.supabase.co/storage/v1/object/public/product-images/products/rk-student-desk-model-rk-214-1759534900497.png""]","🪑 RK Student Desk – Model RK-214 ✅ Fiber Top – High-quality durable fiber tabletop in blue finish for long-lasting use ✅ Strong Build – Powder-coated metal frame with anti-rust protection ✅ Modern Design – Sleek front panel with ventilation holes for a stylish look ✅ Practical Storage – Side basket for books &amp; stationery convenience ✅ Multi-Purpose Use – Perfect for schools, colleges, coaching centers &amp; academies 📞 Contact: 0345-3593470 | 0331-2142040 🌐 Website: www.Rkenterpriseshub.com 📘 Facebook: facebook.com/RKEnterprisesOfficialPK 📸 Instagram: instagram.com/r.kenterprisesfurniture 💬 WhatsApp: wa.me/923453593470",,"[""Black"",""Grey"",""Blue""]",false,false,false,false,false,false,false,true,false,false,2df6d287-acef-48d6-8383-e34ac96970a0,731b189d-ae27-4537-9021-176674366664,2025-10-07 12:53:35.648253+00
6f42d4ad-a24e-4e87-8192-bdaf11c85801,🪑 Visitor Chair – Model 348,visitor-chair-model-348,12500,22500,"[""https://utqpkukuvsecwgnsprfs.supabase.co/storage/v1/object/public/product-images/products/visitor-chair-model-348-1759534860826.png""]","🪑 Visitor Chair – Model 348 ✅ Ergonomic Mesh Backrest – Breathable design keeps you cool and comfortable.✅ Padded Fabric Seat – Soft cushion for long sitting comfort.✅ Stylish Fixed Armrests – Supports elbows and reduces shoulder strain.✅ Chrome Cantilever Base – Durable, stable, and modern in design.✅ Compact &amp; Space-Saving – Perfect for visitor areas, reception, or meeting rooms.✅ Scratch-Resistant Frame – Maintains its shine and finish for years. 📏 Dimensions: Standard visitor chair size.🎨 Color: Black seat &amp; backrest with chrome base.🏢 Best For: Offices, meeting rooms, receptions, waiting areas. 📞 Contact: 0345-3593470 | 0331-2142040📍 Address: Shop #G23, Panama Centre, Sir Shah Suleman Road, Near Esa Nagri, Hassan Square, Gulshan-e-Iqbal, Block 13D, Karachi🌐 Website: www.Rkenterpriseshub.com📘 Facebook: facebook.com/RKEnterprisesOfficialPK📸 Instagram: instagram.com/r.kenterprisesfurniture💬 WhatsApp: wa.me/923453593470",,"[""Black"",""Grey"",""Blue""]",true,true,false,false,false,false,false,false,false,false,e0c4796d-ce73-47df-8b1d-56308c07ed02,ac812c98-d8aa-4833-9dd7-6224422206af,2025-10-07 12:53:35.648253+00
70c906bb-4f6f-4475-adaa-3a89b483d224,Study Chair and Bench,study-chair-and-bench,21500,24500,"[""https://utqpkukuvsecwgnsprfs.supabase.co/storage/v1/object/public/product-images/products/rk-student-chair-and-desk-set-model-rk-211-1759534887481.png""]","🪑 RK Double Student Desk &amp; Chair Set – Model RK-212 ✅ Spacious Double Desk – Wide laminated blue tabletop with durable steel frame✅ Twin Chairs – Comfortable plastic chairs with ergonomic backrest &amp; padded design✅ Strong Build – Powder-coated steel structure for long-lasting durability✅ Modern Classroom Look – Stylish blue &amp; white combination for a professional setting✅ Perfect for Institutions – Ideal for schools, colleges, coaching centers &amp; academies 📞 Contact Us0345-3593470 | 0331-2142040 🏬 AddressShop #G23, Panama Centre, Sir Shah Suleman Road, Near Esa Nagri, Hassan Square, Gulshan-e-Iqbal, Block 13D, Karachi 🌐 Website: www.Rkenterpriseshub.com📘 Facebook: facebook.com/RKEnterprisesOfficialPK📸 Instagram: instagram.com/r.kenterprisesfurniture💬 WhatsApp: wa.me/923453593470",,"[""Black"",""Grey"",""Blue""]",false,false,false,false,false,false,false,true,false,false,2df6d287-acef-48d6-8383-e34ac96970a0,c8ed04a8-2b7d-4e63-85c2-21eee6b9b92a,2025-10-07 12:53:35.648253+00
70f15bf7-2a41-4e19-9cc5-cd0ee07592dc,🪑 Detailed Description – Model RK-517 (Black Executive Chair),detailed-description-model-rk-517-black-executive-chair,39000,45000,"[""https://utqpkukuvsecwgnsprfs.supabase.co/storage/v1/object/public/product-images/products/detailed-description-model-rk-517-black-executive-chair-1759534989656.png"",""https://utqpkukuvsecwgnsprfs.supabase.co/storage/v1/object/public/product-images/products/detailed-description-model-rk-517-black-executive-chair-1759534989656.png""]","🪑 Detailed Description – Model RK-517 (Black Executive Chair) Bring executive elegance and ergonomic excellence to your workspace with the RK-517 high-back office chair. Designed for productivity and premium comfort, this chair is ideal for professionals who value both performance and style. ✅ Key Features: ✅ Model: RK-517 ✅ Color: Elegant matte black finish for a sleek, modern executive look ✅ Material: Soft synthetic leather upholstery with breathable cushioning ✅ Backrest: Ergonomic high-back design with built-in lumbar and neck support ✅ Cushioning: Thick foam padding for all-day comfort ✅ Armrests: Curved padded armrests for extra support ✅ Tilt Mechanism: Reclining function with tilt tension control ✅ Base: Durable 5-star nylon base with smooth-rolling dual-wheel casters ✅ Swivel: 360° rotation for smooth multitasking ✅ Height Adjustment: Gas lift for easy seat height customization 📦 Ideal For: Executive Offices Manager Desks Home Workstations Conference Rooms 🔗 Official Links: 🌐 Website: www.rkenterpriseshub.com📘 Facebook: [Link: facebook.com/RKEnterprisesOfficialPK (https://www.facebook.com/RKEnterprisesOfficialPK)]📸 Instagram: [Link: instagram.com/r.kenterprisesfurniture (https://www.instagram.com/r.kenterprisesfurniture)]📱 WhatsApp: wa.me/923453593470",,"[""Black"",""Grey"",""Blue""]",true,true,false,false,false,false,false,false,false,false,e0c4796d-ce73-47df-8b1d-56308c07ed02,3d37aed7-9ee6-4290-aba9-bb8d6a9d650e,2025-10-07 12:53:35.648253+00
71a0e376-4e40-4091-8c46-e8c3ec8c89c9,🪑 Model-712 – Round Perforated Stool,model-712-round-perforated-stool,3900,5500,"[""https://utqpkukuvsecwgnsprfs.supabase.co/storage/v1/object/public/product-images/products/model-712-round-perforated-stool-1759535051137.jpeg""]","🪑 Model-712 – Round Perforated Stool 🔹 Short Description Compact, lightweight stool with a round perforated plastic seat and chrome metal frame — ideal for kitchens, salons, schools, or outdoor setups. ✅ Full Details Description ✅ Stylish &amp; Minimalist Design – Features a round red plastic seat with ventilation holes for added comfort and a fresh look.✅ Durable Chrome Frame – Rust-resistant stainless steel pipe frame provides excellent support and long-lasting performance.✅ Stable Circular Base – The circular ring at the bottom adds balance and prevents tipping.✅ Lightweight &amp; Easy to Move – Compact design makes it convenient to carry and stack in tight spaces.✅ Multi-Purpose Use – Perfect for home kitchens, cafes, tuition centers, hospitals, parlors, or events. 📏 Dimensions (Approx.): Seat Diameter: 12"" Seat Height: 18"" Weight Capacity: Up to 100 kg 📞 Contact Us📱 0345-3593470 | 0331-2142040📍 Shop #G23, Panama Centre, Sir Shah Suleman Road, Near Esa Nagri, Hassan Square, Gulshan-e-Iqbal, Block 13D, Karachi🌐 [Link: www.Rkenterpriseshub.com (http://www.Rkenterpriseshub.com)]📘 [Link: Facebook (https://facebook.com/RKEnterprisesOfficialPK)] | 📸 [Link: Instagram (https://instagram.com/r.kenterprisesfurniture)] | 💬 WhatsApp",,"[""Black"",""Grey"",""Blue""]",false,false,false,false,false,true,false,false,false,false,1f3162b2-b073-4699-adc5-69521edf2565,01ae3e50-a7d6-475f-9206-1ddedb9d6362,2025-10-07 12:53:35.648253+00
785da989-9689-4d9f-b80c-4a183c5bb253,RK Student Chair & Desk Set – Model RK-211,rk-student-chair-and-desk-set-model-rk-211,15500,16500,"[""https://utqpkukuvsecwgnsprfs.supabase.co/storage/v1/object/public/product-images/products/study-chair-and-bench-1759534920744.jpeg""]","RK Student Chair &amp; Desk Set – Model RK-211 ✅ Durable Desk – Metal frame with blue laminated top &amp; storage basket✅ Ergonomic Chair – Comfortable plastic seat with strong metal legs✅ Practical Storage – Under-desk basket for books &amp; stationery✅ Modern Design – Sleek, sturdy, and easy to clean✅ Ideal for Institutions – Perfect for schools, colleges, academies &amp; training centers 📞 Contact Us0345-3593470 | 0331-2142040 🏬 AddressShop #G23, Panama Centre, Sir Shah Suleman Road, Near Esa Nagri, Hassan Square, Gulshan-e-Iqbal, Block 13D, Karachi 🌐 Website: www.Rkenterpriseshub.com📘 Facebook: facebook.com/RKEnterprisesOfficialPK📸 Instagram: instagram.com/r.kenterprisesfurniture💬 WhatsApp: wa.me/923453593470 🪑 RK Student Chair &amp; Desk Set – Model RK-211 ✅ Durable Desk – Metal frame with blue laminated top &amp; storage basket ✅ Ergonomic Chair – Comfortable plastic seat with strong metal legs ✅ Practical Storage – Under-desk basket for books &amp; stationery ✅ Modern Design – Sleek, sturdy, and easy to clean ✅ Ideal for Institutions – Perfect for schools, colleges, academies &amp; training centers 📞 Contact: 0345-3593470 | 0331-2142040 🌐 Website: www.Rkenterpriseshub.com 📘 Facebook: facebook.com/RKEnterprisesOfficialPK 📸 Instagram: instagram.com/r.kenterprisesfurniture 💬 WhatsApp: wa.me/923453593470",,"[""Black"",""Grey"",""Blue""]",true,false,false,false,false,false,false,true,false,false,2df6d287-acef-48d6-8383-e34ac96970a0,f45f0905-9b1d-41d1-be40-1b1b79dce600,2025-10-07 12:53:35.648253+00
78f86c59-a6e3-461f-a524-c816b1119ea3,UMBRELLA - SAAB Craft UPVC Furniture Model B-1100,umbrella-saab-craft-upvc-furniture-model-b-1100,21000,25000,"[""https://utqpkukuvsecwgnsprfs.supabase.co/storage/v1/object/public/product-images/products/outdoor-chairs-1759534833959.png""]","A new stylish designed BOSS Craft furniture for your outdoor, picnic, holiday trips etc. Available in 2 different colors. Order to make item Estimated delivery time 10 to 15 working days.",,"[""Black"",""Grey"",""Blue""]",false,false,false,false,false,true,false,false,true,false,a3e4b1f3-170d-4509-ad70-030f3f5bb399,88879a89-f849-47a1-bd48-4a873141da7f,2025-10-07 12:53:35.648253+00
791b2edb-4dd1-4ace-a4a0-ec6d9c433e67," RK-S786 – High Back Mesh Office Chair | Ergonomic Comfort & Modern Design  ",-rk-s786-high-back-mesh-office-chair-ergonomic-comfort-modern-design--033624,33500,36000,"[""https://utqpkukuvsecwgnsprfs.supabase.co/storage/v1/object/public/product-images/products/pasted-image-1760183967451-1760183968400.png""]","RK-S786 – High Back Mesh Office Chair | Ergonomic Comfort & Modern Design  

✅ Breathable mesh back with lumbar support for all-day comfort  
✅ Adjustable tilt mechanism with smooth reclining function  
✅ Soft padded seat with high-density foam for long working hours  
✅ Fixed cushioned armrests designed for perfect elbow support  
✅ 360° swivel with smooth caster wheels for easy movement  
✅ Durable nylon base and heavy-duty structure for long life  
✅ Available in dual colors – Blue & Grey  
✅ Designed by RK ENTERPRISES – Professional Office Furniture Supplier in Karachi  
","🪑 RK-S786 – High Back Mesh Office Chair | Ergonomic Comfort & Modern Design  

✅ Breathable mesh back with lumbar support for all-day comfort  
✅ Adjustable tilt mechanism with smooth reclining function  
✅ Soft padded seat with high-density foam for long working hours  
✅ Fixed cushioned armrests designed for perfect elbow support  
✅ 360° swivel with smooth caster wheels for easy movement  
✅ Durable nylon base and heavy-duty structure for long life  
✅ Available in dual colors – Blue & Grey  
✅ Designed by RK ENTERPRISES – Professional Office Furniture Supplier in Karachi  
",[],false,true,false,false,false,false,false,false,false,false,e0c4796d-ce73-47df-8b1d-56308c07ed02,3d37aed7-9ee6-4290-aba9-bb8d6a9d650e,2025-10-11 12:00:33.595028+00
7dfe989f-de9f-4d01-8aaf-296c291e3d64,RK Enterprises – Modern Adjustable Bar Stool (Model: RK-802),rk-enterprises-modern-adjustable-bar-stool-model-rk-802,12500,14500,"[""https://utqpkukuvsecwgnsprfs.supabase.co/storage/v1/object/public/product-images/products/bar-stools-model-5006-1759534646725.png""]","🪑 RK Enterprises – Modern Adjustable Bar Stool (Model: RK-802) ✅ Product Type: Adjustable Bar Stool✅ Material: Premium PU Leather (Black, quilted design)✅ Seat Cushion: High-density foam with ergonomic contouring✅ Backrest: Padded, curved for lumbar support✅ Frame &amp; Base: Chrome-plated steel with round weighted base for stability✅ Height Adjustment: Gas-lift hydraulic system (adjustable with side lever)✅ Footrest: Circular chrome footrest for added comfort✅ Rotation: 360° Swivel function✅ Dimensions: Standard stool size, ideal for kitchen counters, bars &amp; cafes✅ Style: Modern, sleek, suitable for home &amp; office use 📌 Contact &amp; Ordering 📞 0345-3593470 | 0331-2142040📍 Shop #G23, Panama Centre, Sir Shah Suleman Road, Near Esa Nagri, Hassan Square, Block 13D, Karachi🌐 www.Rkenterpriseshub.com📘 [Link: facebook.com/RKEnterprisesOfficialPK (https://www.facebook.com/RKEnterprisesOfficialPK)]📸 [Link: instagram.com/r.kenterprisesfurniture (https://www.instagram.com/r.kenterprisesfurniture)]💬 WhatsApp",,"[""Black"",""Grey"",""Blue""]",true,true,false,false,false,true,false,false,false,false,1f3162b2-b073-4699-adc5-69521edf2565,03825077-ea9c-4ff0-866f-c3db11920880,2025-10-07 12:53:35.648253+00
7f46359d-44f0-4d78-903f-1d0637276938,Bar Stools Model-5006,bar-stools-model-5006,12500,18000,"[""https://utqpkukuvsecwgnsprfs.supabase.co/storage/v1/object/public/product-images/products/bar-stools-model-5006-1759534646725.png""]","🪑 RK Enterprises – Adjustable Leatherette Bar Stool with Backrest &amp; Arm Support Upgrade your space with this modern and functional RK Bar Stool, perfect for kitchen counters, breakfast areas, bars, salons, or reception counters. ✅ Product Features: Premium Finish: High-quality black leatherette upholstery with vertical stitching Comfort Armrests: Padded arm support for enhanced sitting posture Adjustable Height: Smooth hydraulic gas lift with simple lever control 360° Swivel: Rotates freely for convenience and mobility Chrome Plated Base: Stylish and durable metal base with anti-slip rubber ring Footrest Support: Built-in chrome footrest for long sitting comfort Weight Capacity: Strong and sturdy design suitable for regular use 🧰 Specifications: Material: Leatherette seat, chrome steel base Seat Type: Cushioned with mid-back support Color: Black Adjustable Height Range: 21"" – 31"" (approx.) Usage: Bar, Kitchen Island, Salon, Reception, Cafeteria 📞 Order Now:0345-3593470 | 0331-2142040📍 Shop #G23, Panama Centre, Sir Shah Suleman Road, Near Esa Nagri, Block 13D, Gulshan-e-Iqbal, Karachi🌐 [Link: www.Rkenterpriseshub.com (http://www.Rkenterpriseshub.com)]📲 [Link: Facebook (https://facebook.com/RKEnterprisesOfficialPK)] | [Link: Instagram (https://instagram.com/r.kenterprisesfurniture)] | WhatsApp",,"[""Black"",""Grey"",""Blue""]",true,true,false,false,false,true,false,false,false,false,1f3162b2-b073-4699-adc5-69521edf2565,01ae3e50-a7d6-475f-9206-1ddedb9d6362,2025-10-07 12:53:35.648253+00
8042dffa-19af-4a01-b898-70b513a0f991,Model No.: RK-5001,model-no-rk-5001,9500,11500,"[""https://utqpkukuvsecwgnsprfs.supabase.co/storage/v1/object/public/product-images/products/model-no-rk-5001-1759535047781.png""]","🪑 RK Bar Stool – Sleek Modern Design Model No.: RK-5001 ✅ Product Highlights: ✅ Smooth Green Seat: Durable molded seat with soft cushion for comfort ✅ Height Adjustable: Pneumatic gas-lift lever for smooth height control ✅ 360° Swivel Function: Easy rotation for dynamic seating ✅ Strong Chrome Base: Stable circular foundation with anti-slip protection ✅ Footrest Support: Polished footrest for extra comfort ✅ Perfect for: Bars, cafés, reception counters, and kitchen islands 📌 Short Description:Model: RK-5001Minimalist green bar stool with height adjustment, footrest, and swivel chrome base – a perfect modern seating solution for commercial and home use. 📞 Contact Us:📱 0345-3593470 | 📱 0331-2142040📍 Shop #G23, Panama Centre, Sir Shah Suleman Road, Near Esa Nagri, Hassan Square, Gulshan-e-Iqbal, Block 13D, Karachi🌐 www.Rkenterpriseshub.com📘 [Link: facebook.com/RKEnterprisesOfficialPK (https://facebook.com/RKEnterprisesOfficialPK)]📸 [Link: instagram.com/r.kenterprisesfurniture (https://instagram.com/r.kenterprisesfurniture)]💬 wa.me/923453593470",,"[""Black"",""Grey"",""Blue""]",false,false,false,false,false,true,false,false,false,false,1f3162b2-b073-4699-adc5-69521edf2565,01ae3e50-a7d6-475f-9206-1ddedb9d6362,2025-10-07 12:53:35.648253+00
8359ee0e-d345-4230-8d73-6c9116002655,🪑 RK Enterprises – Ergonomic Office Chair | Model 629,rk-enterprises-ergonomic-office-chair-or-model-629,16800,18500,"[""https://utqpkukuvsecwgnsprfs.supabase.co/storage/v1/object/public/product-images/products/rk-enterprises-ergonomic-office-chair-or-model-629-1759535111643.png"",""https://utqpkukuvsecwgnsprfs.supabase.co/storage/v1/object/public/product-images/products/rk-enterprises-ergonomic-office-chair-or-model-629-1759535111643.png"",""https://utqpkukuvsecwgnsprfs.supabase.co/storage/v1/object/public/product-images/products/rk-enterprises-ergonomic-office-chair-or-model-629-1759535111643.png""]","🪑 RK Enterprises – Ergonomic Office Chair | Model 629 ✅ Product OverviewThe RK Enterprises Model 629 is a sleek, ergonomic office chair designed for both comfort and productivity. With a breathable mesh back, cushioned seat, and sturdy base, it’s perfect for offices, study rooms, and home workstations. Key Features 🖤 Stylish Black Mesh Back – Enhances airflow and keeps you cool during long hours. ✅ Ergonomic Lumbar Support – Promotes healthy posture and reduces back strain. 📏 Adjustable Height – Smooth pneumatic lever for seat adjustment. 🛋️ Soft Padded Seat – High-density foam ensures lasting comfort. 🖐️ Fixed Armrests – Designed for optimal arm placement. 🔄 360° Swivel Function – Easy movement with silent caster wheels. 💪 Strong &amp; Durable Build – Heavy-duty metal base for stability. 🪑 Cushioned Headrest – Provides extra neck and head support. Specifications Model: 629 Material: Mesh back &amp; fabric seat cushion Frame: Heavy-duty metal base with nylon caster wheels Color: Black Height Adjustment: 45–54 cm (approx.) Weight Capacity: Up to 120 kg Rotation: 360° swivel Category: Office Chairs 📞 Order Now:0345-3593470 | 0331-2142040 📍 Address:Shop #G23, Panama Centre, Sir Shah Suleman Road, Near Essa Nagri, Hassan Square, Block 13D, Gulshan-e-Iqbal, Karachi 🌐 Website: www.Rkenterpriseshub.com📘 Facebook: [Link: facebook.com/RKEnterprisesOfficialPK (https://www.facebook.com/RKEnterprisesOfficialPK)]📸 Instagram: [Link: instagram.com/r.kenterprisesfurniture (https://www.instagram.com/r.kenterprisesfurniture)]💬 WhatsApp: wa.me/923453593470",,"[""Black"",""Grey"",""Blue""]",true,true,false,true,false,false,false,false,false,false,e0c4796d-ce73-47df-8b1d-56308c07ed02,feaa3ab5-ec64-401d-a00a-125dd4997533,2025-10-07 12:53:35.648253+00
84b8c1f7-c5b0-48b9-a66e-9ccc62ef6ce0,🪑 Mesh Back Visitor Chair – Model RK-349,mesh-back-visitor-chair-model-rk-349,12500,18500,"[""https://utqpkukuvsecwgnsprfs.supabase.co/storage/v1/object/public/product-images/products/mesh-back-visitor-chair-model-rk-349-1759534874866.png"",""https://utqpkukuvsecwgnsprfs.supabase.co/storage/v1/object/public/product-images/products/mesh-back-visitor-chair-model-rk-349-1759534877060.jpeg""]","Mesh Back Visitor Chair – Model RK-349 
✅ Ergonomic Mesh Backrest – Breathable mesh design for airflow and long-lasting comfort.
✅ Sturdy Cantilever Chrome Base – Strong, stable, and built for durability.
✅ Contoured Seat Cushion – Soft padding reduces fatigue during extended sitting.
✅ Modern Armrests – Designed to support arms and reduce shoulder strain.
✅ Minimalist &amp; Stylish Design – Perfect for professional office spaces.
✅ Non-Slip Floor Caps – Prevents scratches and keeps the chair steady. 
📏 Dimensions: Standard visitor chair size.
🎨 Color: Black mesh with chrome frame.
🏢 Best For: Offices, conference rooms, receptions, meeting areas.
 📞 Contact: 0345-3593470 | 0331-2142040
📍 Address: Shop #G23, Panama Centre, Sir Shah Suleman Road, Near Esa Nagri, Hassan Square, Gulshan-e-Iqbal, Block 13D, Karachi
🌐 Website: www.Rkenterpriseshub.com
",,"[""Black"",""Grey"",""Blue""]",true,true,false,false,false,false,false,false,false,false,e0c4796d-ce73-47df-8b1d-56308c07ed02,ac812c98-d8aa-4833-9dd7-6224422206af,2025-10-07 12:53:35.648253+00
861fc6f2-de6f-4474-840f-58e75e52e31e," RK-M415 – Mesh Revolving Office Chair | Ergonomic Comfort & Sleek Design  ",-rk-m415-mesh-revolving-office-chair-ergonomic-comfort-sleek-design--837522,21500,24500,"[""https://utqpkukuvsecwgnsprfs.supabase.co/storage/v1/object/public/product-images/products/pasted-image-1760183749619-1760183750732.png""]","RK-M415 – Mesh Revolving Office Chair | Ergonomic Comfort & Sleek Design  

✅ Breathable mesh backrest allows maximum airflow and comfort during long working hours  
✅ Ergonomic back support with soft cushioned seat for healthy posture  
✅ 360° smooth swivel with adjustable seat height (gas lift mechanism)  
✅ Heavy-duty chrome metal base for long-lasting strength  
✅ Silent caster wheels for easy movement on any surface  
✅ Fixed armrests with durable frame and stable structure  
✅ Perfect for offices, study rooms, and computer workstations  
✅ Designed by RK ENTERPRISES – Reliable Office Furniture Supplier in Karachi  
","RK-M415 – Mesh Revolving Office Chair | Ergonomic Comfort & Sleek Design  

✅ Breathable mesh backrest allows maximum airflow and comfort during long working hours  
✅ Ergonomic back support with soft cushioned seat for healthy posture  
✅ 360° smooth swivel with adjustable seat height (gas lift mechanism)  
✅ Heavy-duty chrome metal base for long-lasting strength  
✅ Silent caster wheels for easy movement on any surface  
✅ Fixed armrests with durable frame and stable structure  
✅ Perfect for offices, study rooms, and computer workstations  
✅ Designed by RK ENTERPRISES – Reliable Office Furniture Supplier in Karachi  

📍 Ideal For:
Corporate Offices | Study Rooms | Home Workspaces | Computer Desks  

📞 Contact:
0345-3593470 | 0331-2142040  

🏬 Address:
Shop # G-23, Panama Centre, Sir Shah Suleman Road, Near Essa Nagri,  
Hassan Square, Gulshan-e-Iqbal Block 13-D, Karachi  

🌐 Website:
www.Rkenterpriseshub.com  

📲 Social Links:
Facebook – facebook.com/RKEnterprisesOfficialPK  
Instagram – instagram.com/r.kenterprisesfurniture  
WhatsApp – wa.me/923453593470 
",[],false,true,false,false,false,false,false,false,false,false,e0c4796d-ce73-47df-8b1d-56308c07ed02,3d37aed7-9ee6-4290-aba9-bb8d6a9d650e,2025-10-11 11:57:17.495058+00
8870eac1-996c-4165-be1e-bab636b3f663,🎮 RK Gaming Chair – Global Razer Series (Ergonomic Comfort & Style),-rk-gaming-chair-global-razer-series-ergonomic-comfort-style-050535,31500,35000,"[""https://utqpkukuvsecwgnsprfs.supabase.co/storage/v1/object/public/product-images/products/img-20251010-wa0062-1760107977458.jpg"",""https://utqpkukuvsecwgnsprfs.supabase.co/storage/v1/object/public/product-images/products/img-20251010-wa0060-1760107992529.jpg"",""https://utqpkukuvsecwgnsprfs.supabase.co/storage/v1/object/public/product-images/products/img-20251010-wa0061-1760108011972.jpg""]","🎮 RK Gaming Chair – Global Razer Series (Ergonomic Comfort & Style)

✅ High-Back Racing Design: Built for professional gamers, this ergonomic gaming chair provides maximum back and neck support during long sessions.  
✅ Adjustable Armrests & Reclining Back: Customize your comfort level whether you’re gaming, working, or relaxing.  
✅ Premium PU Leather Finish: Made with durable, easy-to-clean leatherette that offers a sleek and modern look.  
✅ Detachable Headrest & Lumbar Cushions: Includes removable head and lumbar pillows for extra neck and spine support.  
✅ Smooth 360° Swivel & Heavy-Duty Base: Strong nylon wheels and stable foundation ensure smooth movement on all surfaces.  

💼 Perfect For: Gamers | Office Use | Streamers | Designers | Home Workstations  
📦 Model Code: RK-GRC-01  
📏 Size: Standard ergonomic fit suitable for all body types  

⚡ Short Description (SEO Meta Snippet):  
Global Razer Gaming Chair by RK Enterprises — Ergonomic high-back PU leather gaming chair with adjustable armrests, headrest, and lumbar support. Ideal for both gaming and office setups.  

🔑 Focus Keywords:  
Gaming Chair, Global Razer Gaming Chair, Ergonomic Gaming Seat, PU Leather Gaming Chair, Adjustable Office Chair, Reclining Gaming Chair, RK Gaming Furniture  

📞 Contact Information:  
📱 0345-3593470 | 0331-2142040  
📍 Shop #G23, Panama Centre, Sir Shah Suleman Road, Near Esa Nagri, Hassan Square, Block 13-D, Gulshan-e-Iqbal, Karachi  
🌐 www.Rkenterpriseshub.com  
📘 facebook.com/RKEnterprisesOfficialPK  
📸 instagram.com/r.kenterprisesfurniture  
💬 wa.me/923453593470",,"[""Red,Black,Blue,White ""]",true,true,false,false,true,false,false,false,false,false,e0c4796d-ce73-47df-8b1d-56308c07ed02,0fb7f1c7-5062-4c26-b4f4-462481f8bef9,2025-10-10 14:54:14.229794+00
88eb6c94-9459-4a75-a896-9149862ec7b2,RK Student Writing Chair – Model RK-213,rk-student-writing-chair-model-rk-213,10500,14500,"[""https://utqpkukuvsecwgnsprfs.supabase.co/storage/v1/object/public/product-images/products/rk-mesh-back-training-chair-with-writing-pad-model-rk-tc-206-1759534912337.png"",""https://utqpkukuvsecwgnsprfs.supabase.co/storage/v1/object/public/product-images/products/rk-mesh-back-training-chair-with-writing-pad-model-rk-tc-206-1759534914754.png""]","🪑 RK Student Writing Chair – Model RK-213 ✅ Comfortable Seating – Soft padded foam seat &amp; back with premium fabric finish ✅ Attached Writing Pad – Spacious laminated writing board with sturdy metal support ✅ Storage Rack – Under-seat metal rack for books, bags &amp; accessories ✅ Durable Build – Heavy-duty powder-coated steel frame for long-lasting use ✅ Multi-Purpose – Ideal for schools, colleges, training centers &amp; academies 📞 Contact: 0345-3593470 | 0331-2142040 🌐 Website: www.Rkenterpriseshub.com 📘 Facebook: facebook.com/RKEnterprisesOfficialPK 📸 Instagram: instagram.com/r.kenterprisesfurniture 💬 WhatsApp: wa.me/923453593470",,"[""Black"",""Grey"",""Blue""]",true,false,false,false,false,false,false,true,false,false,2df6d287-acef-48d6-8383-e34ac96970a0,f45f0905-9b1d-41d1-be40-1b1b79dce600,2025-10-07 12:53:35.648253+00
9226fed7-5170-4074-8201-b2bcc325466b,Outdoor Chairs,outdoor-chairs,48000,55000,"[""https://utqpkukuvsecwgnsprfs.supabase.co/storage/v1/object/public/product-images/products/outdoor-chairs-1759534833959.png""]","🪑 RK Enterprises – Outdoor Dining Set ✅ Model: RK-OD04✅ Includes: 1 Round Table + 4 Chairs✅ Material: Premium plastic frame with woven rattan-style seat &amp; backrest✅ Color: White frame with dark grey seating✅ Design: Modern, lightweight, and durable for both indoor &amp; outdoor use✅ Features: Weather-resistant &amp; easy to clean Strong and stable round table base Comfortable curved-back chairs Ideal for gardens, patios, cafes, and dining areas 📏 Table Size: Standard round (4-seater)📏 Chair Size: Standard dining chair with armrests 📞 Contact &amp; Order Now ☎️ 0345-3593470 | 0331-2142040 🌐 Website: www.Rkenterpriseshub.com 📍 Address: Shop #G23, Panama Centre, Sir Shah Suleman Road, Near Esa Nagri, Hassan Square, Gulshan-e-Iqbal, Block 13D, Karachi 👍 Facebook: [Link: facebook.com/RKEnterprisesOfficialPK (https://facebook.com/RKEnterprisesOfficialPK)] 📷 Instagram: [Link: instagram.com/r.kenterprisesfurniture (https://instagram.com/r.kenterprisesfurniture)] 💬 WhatsApp: wa.me/923453593470",,"[""Black"",""Grey"",""Blue""]",true,false,false,false,false,false,false,false,true,false,a3e4b1f3-170d-4509-ad70-030f3f5bb399,88879a89-f849-47a1-bd48-4a873141da7f,2025-10-07 12:53:35.648253+00
929023b8-feb3-4c87-8439-fde4d689efbb,RK Red Revolving Chair – Stylish Comfort for Modern Spaces,rk-red-revolving-chair-stylish-comfort-for-modern-spaces,11500,14500,"[""https://utqpkukuvsecwgnsprfs.supabase.co/storage/v1/object/public/product-images/products/rk-red-revolving-chair-stylish-comfort-for-modern-spaces-1759534999657.png""]","🪑 RK Red Revolving Chair – Stylish Comfort for Modern Spaces ✅ Premium PU Leather Upholstery – Smooth, durable &amp; stylish in bold red color ✅ Ergonomic Backrest – Cushioned support for posture correction &amp; comfort ✅ 360° Swivel with Wheels – Easy mobility for office, study, or salon use ✅ Adjustable Height – Gas-lift mechanism for perfect sitting position ✅ Strong Chrome Base – Rust-resistant, heavy-duty &amp; long-lasting support ✅ Compact &amp; Modern Design – Ideal for home, study rooms, offices, and workstations 📞 Contact Us 0345-3593470 | 0331-2142040 📍 Showroom Address Shop #G23, Panama Centre, Sir Shah Suleman Road, Near Esa Nagri, Hassan Square, Gulshan-e-Iqbal, Block 13D, Karachi 🌐 Website: www.Rkenterpriseshub.com 📘 Facebook: facebook.com/RKEnterprisesOfficialPK 📸 Instagram: instagram.com/r.kenterprisesfurniture 💬 WhatsApp: wa.me/923453593470 👉 Perfect choice for study chairs, office use, makeup salons, or compact workspaces – combining elegance with durability.",,"[""Black"",""Grey"",""Blue""]",true,true,false,false,false,false,false,false,false,false,e0c4796d-ce73-47df-8b1d-56308c07ed02,95a48fbb-540a-4812-af7b-f028d281492e,2025-10-07 12:53:35.648253+00
93acbe84-8b6e-4c7e-a5de-45674205861f,Revolving Chairs-102,revolving-chairs-102,38500,48000,"[""https://utqpkukuvsecwgnsprfs.supabase.co/storage/v1/object/public/product-images/products/revolving-chairs-102-1759534966192.png""]","Premium Revolving Chair – Ergonomic Design for Office &amp; Home Use Upgrade your workspace with our Premium Revolving Chair, designed to deliver comfort, flexibility, and style in any office or home setting. Whether you're working long hours at a desk, attending virtual meetings, or simply need a comfortable seat for your study or workspace, this chair offers the perfect combination of practicality and support. Key Features: 360-Degree SwivelEnjoy unrestricted movement with a smooth and quiet swivel base, allowing you to reach any part of your desk without straining or standing up. Adjustable Height MechanismThe chair comes equipped with a pneumatic gas lift that allows you to easily adjust seat height to match your desk or personal comfort level—perfect for all-day use. Durable Polypropylene FrameCrafted with a high-quality polypropylene base and seat shell, the chair offers lasting durability while remaining lightweight and easy to move. Breathable Backrest (Optional Mesh Back)Designed with a mesh or solid back (depending on model variant) to provide better airflow and support during extended use, reducing sweat and fatigue. Caster Wheels for MobilityEquipped with smooth-rolling caster wheels for effortless movement on both carpeted and hard flooring surfaces. Modern &amp; Minimalist DesignIts sleek design and contemporary color options (black, grey, blue, etc.) make it an ideal fit for modern offices, co-working spaces, home studies, and student setups. Ergonomic ComfortThe chair supports healthy posture with a contoured seat and optional backrest design that provides essential lumbar support, reducing the risk of back strain. Specifications: Material: Polypropylene body with optional mesh back Seat Height: Adjustable (Pneumatic lift system) Rotation: 360° swivel base Base: 5-point star base with durable caster wheels Weight Capacity: Up to 100–120 kg (may vary by model) Color Options: Available in black, grey, blue, and custom colors on request Ideal For: Home offices Study desks Corporate workplaces Call centers Conference rooms Startups and coworking spaces Why Choose This Chair? Our revolving chair is perfect for individuals seeking a cost-effective seating solution without compromising on basic ergonomics and modern design. Whether you need a reliable task chair for short meetings or a daily driver for working from home, this model delivers on all fronts—mobility, adjustability, and durability. Warranty &amp; Support Backed by RK Enterprises’ reputation for quality and customer satisfaction, our chairs come with a limited warranty and after-sales support. Bulk orders for offices or institutions are also available with customization options.",,"[""Black"",""Grey"",""Blue""]",true,true,false,true,false,false,false,false,false,false,e0c4796d-ce73-47df-8b1d-56308c07ed02,feaa3ab5-ec64-401d-a00a-125dd4997533,2025-10-07 12:53:35.648253+00
941549db-ecc9-4da9-af7d-1afc90e7ae22,Boss BP-269-C Tulip 3-Seater Visitor Sofa with Cushion,boss-bp-269-c-tulip-3-seater-visitor-sofa-with-cushion,35000,45000,"[""https://utqpkukuvsecwgnsprfs.supabase.co/storage/v1/object/public/product-images/products/boss-bp-269-c-tulip-3-seater-visitor-sofa-with-cushion-1759535172600.jpeg""]","Boss BP-269-C Tulip 3-Seater Visitor Sofa with Cushion Stylish and durable 3-seater waiting chair designed with a heavy-duty steel frame, powder-coated finish, and vibrant red cushioned seats. Perfect choice for offices, clinics, airports, hospitals, and reception areas. ✅ Product Features: - Model: B-269-C - Design: Elegant 3-seater with premium cushion finish - Frame: Heavy-duty steel with powder coating for long life - Seat &amp; Backrest: Comfortable red upholstered cushions with ergonomic support - Armrests: Strong and stable for extra comfort - Legs: Rust-resistant metal legs with anti-slip pads - Color: Red Cushioned Seat with Grey Frame 📌 Ideal For: - Corporate Offices - Hospitals &amp; Clinics - Airports &amp; Railway Stations - Schools, Colleges &amp; Waiting Areas - Reception Halls &amp; Showrooms 📏 Dimensions: Standard 3-seater (customization available)",,"[""Black"",""Grey"",""Blue""]",false,false,false,false,false,false,true,false,false,false,de3ff3d7-3f1a-4bd9-80ea-1389b8e2a5f6,d614fd16-d1d3-4781-8e85-00d87c3ceaa6,2025-10-07 12:53:35.648253+00
962ceb65-b36e-465f-98f7-943d724868f9,Boss High-Back Revolving Chair – Model B-543,boss-high-back-revolving-chair-model-b-543,28500,31500,"[""https://utqpkukuvsecwgnsprfs.supabase.co/storage/v1/object/public/product-images/products/boss-high-back-revolving-chair-model-b-543-1759535098648.jpeg""]","🪑 Boss High-Back Revolving Chair – Model B-543 (Maroon) ✅ Product Features: High-back executive Boss revolving chair with ergonomic design Stylish breathable maroon mesh backrest for cool airflow Integrated headrest for neck support during long working hours Soft cushioned seat with black fabric upholstery Comfortable fixed armrests with wide grip Tilt-back reclining mechanism for posture flexibility Hydraulic height adjustment with 360° swivel rotation Strong 5-legged nylon base with smooth-rolling caster wheels Suitable for: Offices, Home Studios, Workstations, Executives &amp; Managers 📦 Specifications: Model: B-543 Back: Mesh (Maroon) Seat: Fabric cushioned (Black) Armrest: Fixed plastic ergonomic style Base: Nylon 5-star with wheels Functions: Tilt + Swivel + Height Adjustable Weight Capacity: Up to 120 kg Color Combination: Maroon + Black 📞 Contact to Order: Phone: 0345-3593470 | 0331-2142040 Location: Shop #G23, Panama Centre, Sir Shah Suleman Road, Near Esa Nagri, Block 13D, Gulshan-e-Iqbal, Karachi 🌐 Website: www.rkenterpriseshub.com 📘 Facebook: [Link: facebook.com/RKEnterprisesOfficialPK (https://www.facebook.com/RKEnterprisesOfficialPK)] 📸 Instagram: [Link: instagram.com/r.kenterprisesfurniture (https://www.instagram.com/r.kenterprisesfurniture)] 📱 WhatsApp Chat: wa.me/923453593470",,"[""Black"",""Grey"",""Blue""]",true,true,false,true,false,false,false,false,false,false,e0c4796d-ce73-47df-8b1d-56308c07ed02,feaa3ab5-ec64-401d-a00a-125dd4997533,2025-10-07 12:53:35.648253+00
9729d8e3-1da0-4949-a73e-6f8ad2c04549,🪑 Model: RK-B607 – Premium Executive High-Back Chair,model-rk-b607-premium-executive-high-back-chair,45000,55000,"[""https://utqpkukuvsecwgnsprfs.supabase.co/storage/v1/object/public/product-images/products/model-rk-b607-premium-executive-high-back-chair-1759534984273.png""]","🪑 Model: RK-B607 – Premium Executive High-Back Chair ✅ Premium PU Leather Finish – Durable and smooth black upholstery with contrast white stitching for a stylish professional look.✅ Contoured High-Back Design – Ergonomically padded headrest and back support reduce fatigue during long working hours.✅ Polished Chrome Base – Heavy-duty metal base with 360° swivel and smooth-rolling dual caster wheels for stability and movement.✅ Tilt &amp; Height Adjustment – Pneumatic gas lift mechanism with tilt tension control for custom comfort.✅ Stylish Wooden Armrests – Curved redwood-finish armrests add elegance while providing relaxed elbow support.✅ Suitable For – Office executives, managers, directors, and home workspaces seeking premium comfort and aesthetic appeal. 📞 Contact Us Phone: 0345-3593470 | 0331-2142040Address: Shop #G23, Panama Centre, Sir Shah Suleman Road, Near Esa Nagri, Hassan Square, Gulshan-e-Iqbal, Block 13D, Karachi🌐 Website: www.Rkenterpriseshub.com📘 Facebook: [Link: facebook.com/RKEnterprisesOfficialPK (https://facebook.com/RKEnterprisesOfficialPK)]📸 Instagram: [Link: instagram.com/r.kenterprisesfurniture (https://instagram.com/r.kenterprisesfurniture)]📱 WhatsApp: wa.me/923453593470",,"[""Black"",""Grey"",""Blue""]",false,true,false,true,false,false,false,false,false,false,e0c4796d-ce73-47df-8b1d-56308c07ed02,feaa3ab5-ec64-401d-a00a-125dd4997533,2025-10-07 12:53:35.648253+00
997ea097-dd26-44a1-bcee-93a4c1a91546,🍹 RK Classic Bar Stool – Comfort with Back Support ✅ Model No.: RK-BS315,rk-classic-bar-stool-comfort-with-back-support-model-no-rk-bs315,9900,12500,"[""https://utqpkukuvsecwgnsprfs.supabase.co/storage/v1/object/public/product-images/products/rk-classic-bar-stool-comfort-with-back-support-model-no-rk-bs315-1759535164538.jpeg"",""https://utqpkukuvsecwgnsprfs.supabase.co/storage/v1/object/public/product-images/products/rk-classic-bar-stool-comfort-with-back-support-model-no-rk-bs315-1759535164538.jpeg""]","🍹 RK Classic Bar Stool – Comfort with Back Support ✅ Model No.: RK-BS315 ✅ Comfortable PU leather cushioned seat &amp; backrest ✅ Adjustable height with gas lift mechanism ✅ Strong chrome-plated steel base &amp; footrest ✅ 360° swivel for easy movement ✅ Elegant retro-modern design – ideal for kitchens, bars, cafés, and lounges 📞 Contact Us: 0345-3593470 | 0331-2142040 📍 Address: Shop #G23, Panama Centre, Sir Shah Suleman Road, Near Esa Nagri, Hassan Square, Gulshan-e-Iqbal, Block 13D, Karachi 🌐 Website: www.Rkenterpriseshub.com 📘 Facebook: facebook.com/RKEnterprisesOfficialPK 📸 Instagram: instagram.com/r.kenterprisesfurniture ▶️ YouTube: youtube.com/@R.kEnterprises 💬 WhatsApp: wa.me/923453593470 ✨ RK Enterprises – Feel The Comfort",,"[""Black"",""Grey"",""Blue""]",false,false,false,false,false,true,false,false,false,false,1f3162b2-b073-4699-adc5-69521edf2565,01ae3e50-a7d6-475f-9206-1ddedb9d6362,2025-10-07 12:53:35.648253+00
9a277c63-e512-44a7-8ef9-6a77e2cfb12e,"RK-C103 – Yellow Revolving Chair ",rk-c103-yellow-revolving-chair--860753,10500,14000,"[""https://utqpkukuvsecwgnsprfs.supabase.co/storage/v1/object/public/product-images/products/pasted-image-1760181803505-1760181804248.png""]","RK-C103 – Yellow Revolving Chair | Modern Style & Premium Comfort

✅ Eye-catching diamond-pattern padded seat for modern offices  
✅ 360° swivel with smooth-rolling wheels for effortless movement  
✅ Gas-lift adjustable height for perfect seating position  
✅ Durable chrome-metal base for long-lasting stability  
✅ Soft cushioned seat with ergonomic curve design  
✅ Easy-to-clean PU leather finish with vibrant yellow shade  
✅ Perfect for home offices, study rooms, salons, and workstations  

📍 Ideal For:
Offices | Study Corners | Reception Areas | Creative Studios  

📞 Contact:
0345-3593470 | 0331-2142040  

🏬 Address:
Shop # G-23, Panama Centre, Sir Shah Suleman Road, Near Essa Nagri, Hassan Square, Gulshan-e-Iqbal Block 13-D, Karachi  
","RK-C103 – Yellow Revolving Chair | Modern Style & Premium Comfort

✅ Eye-catching diamond-pattern padded seat for modern offices  
✅ 360° swivel with smooth-rolling wheels for effortless movement  
✅ Gas-lift adjustable height for perfect seating position  
✅ Durable chrome-metal base for long-lasting stability  
✅ Soft cushioned seat with ergonomic curve design  
✅ Easy-to-clean PU leather finish with vibrant yellow shade  
✅ Perfect for home offices, study rooms, salons, and workstations  

📍 Ideal For:
Offices | Study Corners | Reception Areas | Creative Studios  

📞 Contact:
0345-3593470 | 0331-2142040  

🏬 Address:
Shop # G-23, Panama Centre, Sir Shah Suleman Road, Near Essa Nagri, Hassan Square, Gulshan-e-Iqbal Block 13-D, Karachi  
","[""Yellow""]",false,true,false,false,false,false,false,false,false,false,e0c4796d-ce73-47df-8b1d-56308c07ed02,95a48fbb-540a-4812-af7b-f028d281492e,2025-10-11 11:24:20.578072+00
9eb5aa8e-1ece-4f78-9adc-449664ce58d4,Study Chairs,study-chairs,6500,7500,"[""https://utqpkukuvsecwgnsprfs.supabase.co/storage/v1/object/public/product-images/products/study-chairs-1759534883228.png""]","🪑 RK Student Chair – Model 204-C ✅ Comfortable Design – Padded seat &amp; backrest for extra support during long sitting hours ✅ Durable Build – Strong powder-coated metal frame with anti-slip leg caps ✅ Modern Look – Sleek plastic body with soft fabric finish for professional use ✅ Lightweight &amp; Portable – Easy to move, stack, and arrange in classrooms or halls ✅ Multi-Purpose Use – Ideal for schools, training centers, seminar halls &amp; waiting areas 📞 Contact: 0345-3593470 | 0331-2142040 🌐 Website: www.Rkenterpriseshub.com 📘 Facebook: facebook.com/RKEnterprisesOfficialPK 📸 Instagram: instagram.com/r.kenterprisesfurniture 💬 WhatsApp: wa.me/923453593470",,"[""Black"",""Grey"",""Blue""]",true,false,false,false,false,false,false,true,false,false,2df6d287-acef-48d6-8383-e34ac96970a0,f45f0905-9b1d-41d1-be40-1b1b79dce600,2025-10-07 12:53:35.648253+00
a1580cff-912e-44e9-9bb2-ce87e6eab8e7,Boss B-05-H Comforto Visitor Sofa 2-Seater with Table Double Channel,boss-b-05-h-comforto-visitor-sofa-2-seater-with-table-double-channel-534214,15000,17000,"[""https://utqpkukuvsecwgnsprfs.supabase.co/storage/v1/object/public/product-images/products/pasted-image-1760051485898-1760051487203.png"",""https://utqpkukuvsecwgnsprfs.supabase.co/storage/v1/object/public/product-images/products/pasted-image-1760051504564-1760051507678.png"",""https://utqpkukuvsecwgnsprfs.supabase.co/storage/v1/object/public/product-images/products/pasted-image-1760051518311-1760051519842.png""]","Boss B-05-H Comforto Visitor Sofa – 2-Seater with Table

Upgrade your space with the Boss B-05-H Comforto 2-Seater Visitor Sofa with Table, designed for public places, schools, colleges, and commercial areas.
Crafted with premium materials and a double-channel steel leg frame, it offers exceptional durability, comfort, and stability — the ideal sitting solution for high-traffic environments.

✅ 2-Seater Design with Center Table
✅ Double Channel Frame for Extra Strength
✅ Steel Legs for Long-Lasting Support
✅ Built with Pure Material for Extended Life",,"[""Grey,Blue,Black""]",false,false,false,false,false,false,false,false,false,false,de3ff3d7-3f1a-4bd9-80ea-1389b8e2a5f6,d614fd16-d1d3-4781-8e85-00d87c3ceaa6,2025-10-09 23:12:12.01689+00
a1de722c-d76f-4aca-9e37-46aaf36c5fbe,🪑 RK Enterprises – Model R.K-209 (Student Chair with Writing Pad),rk-enterprises-model-rk-209-student-chair-with-writing-pad,5500,6500,"[""https://utqpkukuvsecwgnsprfs.supabase.co/storage/v1/object/public/product-images/products/rk-enterprises-model-rk-209-student-chair-with-writing-pad-1759534928539.png""]","🪑 RK Enterprises – Model R.K-209 (Student Chair with Writing Pad) ✅ Model No.: R.K-06 ✅ Design: Modern ergonomic student chair with a bright red molded plastic seat. ✅ Frame: Powder-coated grey steel frame with anti-slip rubber legs for durability. ✅ Writing Pad: Fixed laminated black writing surface, perfect for study and training use. ✅ Comfort: Contoured backrest designed to support correct posture during long sitting sessions. ✅ Portability: Lightweight, easy to move, and space-saving design suitable for classrooms or seminars. ✅ Usage: Ideal for schools, colleges, universities, coaching centers, and training institutes. 📞 Contact: 0345-3593470 | 0331-2142040 📍 Address: Shop #G23, Panama Centre, Sir Shah Suleman Road, Near Esa Nagri, Hassan Square, Gulshan-e-Iqbal, Block 13D, Karachi 🌐 Website: www.Rkenterpriseshub.com 📘 Facebook: facebook.com/RKEnterprisesOfficialPK 📸 Instagram: instagram.com/r.kenterprisesfurniture 💬 WhatsApp: wa.me/923453593470",,"[""Black"",""Grey"",""Blue""]",false,false,false,false,false,false,false,true,false,false,2df6d287-acef-48d6-8383-e34ac96970a0,f45f0905-9b1d-41d1-be40-1b1b79dce600,2025-10-07 12:53:35.648253+00
a474f958-9bf6-4220-aee7-a94919fd66a8,RK Velvet Dining Chairs – Modern Luxury & Comfort,rk-velvet-dining-chairs-modern-luxury-and-comfort,7500,9500,"[""https://utqpkukuvsecwgnsprfs.supabase.co/storage/v1/object/public/product-images/products/bar-stool-605-1759535067620-1759879295858.webp""]","🪑 RK Velvet Dining Chairs – Modern Luxury &amp; Comfort ✅ Premium Velvet Upholstery – Soft-touch, durable &amp; elegant finish in Grey, Green &amp; Blue shades ✅ Ergonomic Design – Curved back &amp; padded seat for extra comfort &amp; posture support ✅ Sturdy Metal Legs – Black powder-coated steel legs with anti-slip caps for durability &amp; stability ✅ Modern Aesthetic – Perfect blend of luxury &amp; simplicity for any interior décor ✅ Multi-Purpose Use – Ideal for dining rooms, lounges, waiting areas, offices &amp; cafes ✅ Available in Multiple Colors – Stylish color options to match your décor theme 📞 Contact Us 0345-3593470 | 0331-2142040 📍 Showroom Address Shop #G23, Panama Centre, Sir Shah Suleman Road, Near Esa Nagri, Hassan Square, Gulshan-e-Iqbal, Block 13D, Karachi 🌐 Website: www.Rkenterpriseshub.com 📘 Facebook: facebook.com/RKEnterprisesOfficialPK 📸 Instagram: instagram.com/r.kenterprisesfurniture 💬 WhatsApp: wa.me/923453593470 👉 Perfect choice for dining spaces, cafes, restaurants, offices, and modern homes – adding both comfort &amp; elegance.",,"[""Black"",""Grey"",""Blue""]",true,true,true,false,false,true,false,false,false,false,1f3162b2-b073-4699-adc5-69521edf2565,01ae3e50-a7d6-475f-9206-1ddedb9d6362,2025-10-07 12:53:35.648253+00
a4ae7442-2cc2-4fe5-8b8c-4a14d7748c12,Dinning Table and Chairs,dinning-table-and-chairs,13500,15000,"[""https://utqpkukuvsecwgnsprfs.supabase.co/storage/v1/object/public/product-images/products/dinning-table-and-chairs-1759534698467.png""]",,,"[""Black"",""Grey"",""Blue""]",false,false,false,false,false,false,false,false,false,false,1f3162b2-b073-4699-adc5-69521edf2565,d4c8e509-a026-40b4-93a6-99754b2b8747,2025-10-07 12:53:35.648253+00
a81541c8-74a1-444a-9396-9f705806ade4,Model 513 – Elegant Black Bar Stool with Cushioned Back Support,model-513-elegant-black-bar-stool-with-cushioned-back-support,10500,12500,"[""https://utqpkukuvsecwgnsprfs.supabase.co/storage/v1/object/public/product-images/products/model-513-elegant-black-bar-stool-with-cushioned-back-support-1759534669540.webp""]","🪑 Model 513 – Elegant Black Bar Stool with Cushioned Back Support ✅ Premium black leatherette finish – soft, sleek &amp; easy to maintain✅ Curved padded backrest for enhanced lumbar support✅ Gas-lift height adjustment – user-friendly lever control✅ 360° swivel functionality – smooth and effortless rotation✅ Heavy-duty round base with matte black powder coating✅ Sturdy footrest ring – built-in for extra comfort✅ Ideal for lounges, kitchen islands, cafés, and bars✅ Minimalist and luxurious design to elevate any space 📞 Contact Us:0345-3593470 | 0331-2142040📍 Shop #G23, Panama Centre, Sir Shah Suleman Road, Near Esa Nagri, Hassan Square, Block 13D, Karachi🌐 [Link: www.Rkenterpriseshub.com (http://www.Rkenterpriseshub.com)]📘 [Link: facebook.com/RKEnterprisesOfficialPK (https://facebook.com/RKEnterprisesOfficialPK)]📸 [Link: instagram.com/r.kenterprisesfurniture (https://instagram.com/r.kenterprisesfurniture)]📱 wa.me/923453593470",,"[""Black"",""Grey"",""Blue""]",true,true,false,false,false,true,false,false,false,false,1f3162b2-b073-4699-adc5-69521edf2565,01ae3e50-a7d6-475f-9206-1ddedb9d6362,2025-10-07 12:53:35.648253+00
a83fd27e-beb4-40e9-bc3a-6d870465ac03,RK Enterprises – Premium Leather Bar Stool (Model: RK-503),rk-enterprises-premium-leather-bar-stool-model-rk-503,13900,16500,"[""https://utqpkukuvsecwgnsprfs.supabase.co/storage/v1/object/public/product-images/products/rk-enterprises-premium-leather-bar-stool-model-rk-503-1759535143412.webp"",""https://utqpkukuvsecwgnsprfs.supabase.co/storage/v1/object/public/product-images/products/rk-enterprises-premium-leather-bar-stool-model-rk-503-1759535144369.webp"",""https://utqpkukuvsecwgnsprfs.supabase.co/storage/v1/object/public/product-images/products/rk-enterprises-premium-leather-bar-stool-model-rk-503-1759535144839.jpeg"",""https://utqpkukuvsecwgnsprfs.supabase.co/storage/v1/object/public/product-images/products/rk-enterprises-premium-leather-bar-stool-model-rk-503-1759535145388.jpeg""]","🪑 RK Enterprises – Premium Leather Bar Stool (Model: RK-503) ✅ Product Type: Adjustable Bar Stool (Set of 2)✅ Material: High-quality PU Leather (Black) with diamond-tufted design✅ Seat Design: Extra-padded cushioned seat &amp; backrest with arm support✅ Frame &amp; Base: Chrome-plated steel with strong circular weighted base✅ Footrest: Sturdy chrome footrest for added relaxation✅ Height Adjustment: Gas-lift hydraulic system for easy adjustment✅ Rotation: 360° Swivel function for versatile use✅ Comfort: Ergonomic design with full backrest &amp; padded arm support✅ Usage: Ideal for home kitchens, bars, restaurants, cafés &amp; reception areas✅ Style: Luxurious, modern &amp; durable 📌 Contact &amp; Ordering 📞 0345-3593470 | 0331-2142040📍 Shop #G23, Panama Centre, Sir Shah Suleman Road, Near Esa Nagri, Hassan Square, Block 13D, Karachi🌐 www.Rkenterpriseshub.com📘 [Link: facebook.com/RKEnterprisesOfficialPK (https://www.facebook.com/RKEnterprisesOfficialPK)]📸 [Link: instagram.com/r.kenterprisesfurniture (https://www.instagram.com/r.kenterprisesfurniture)]💬 WhatsApp",,"[""Black"",""Grey"",""Blue""]",true,false,false,false,false,true,false,false,false,false,1f3162b2-b073-4699-adc5-69521edf2565,01ae3e50-a7d6-475f-9206-1ddedb9d6362,2025-10-07 12:53:35.648253+00
a975dec3-bfe5-4c6d-b192-863011974090,"RK Modern Plastic Arm Chair – Stylish, Durable & Comfortable",rk-modern-plastic-arm-chair-stylish-durable-and-comfortable,12500,17500,"[""https://utqpkukuvsecwgnsprfs.supabase.co/storage/v1/object/public/product-images/products/rk-modern-plastic-arm-chair-stylish-durable-and-comfortable-1759534740303-1759879029410.webp""]","RK Modern Plastic Arm Chair – Stylish, Durable &amp; Comfortable
✅ Premium Plastic Frame – Strong, lightweight &amp; long-lasting design
✅ Ergonomic Armrest Support – Wide backrest with modern cut-out style for comfort &amp; ventilation  ✅ Padded Seat Cushion – Soft &amp; durable cushion for added sitting comfort 
✅ Sturdy Legs – Solid base for stability and long-term use
✅ Available Colors – 🟡 Yellow | ⚫ Black | ⚪ Grey
✅ Versatile Usage – Ideal for dining areas, cafes, offices, lounges & outdoor spaces ",,"[""Black"",""Grey"",""Blue""]",true,true,false,false,false,true,false,true,false,false,1f3162b2-b073-4699-adc5-69521edf2565,03825077-ea9c-4ff0-866f-c3db11920880,2025-10-07 12:53:35.648253+00
aa5455d6-3c8b-4521-9274-07e96e8cccb2,RK Executive Office Chair – Premium Comfort & Style Model: RK-EX907,rk-executive-office-chair-premium-comfort-and-style-model-rk-ex907,45000,55000,"[""https://utqpkukuvsecwgnsprfs.supabase.co/storage/v1/object/public/product-images/products/rk-executive-office-chair-premium-comfort-and-style-model-rk-ex907-1759535058656.jpeg""]","RK Executive Office Chair – Premium Comfort &amp; StyleModel: RK-EX907 ✅ Product Features: Ergonomic High-Back Design – Provides full back and lumbar support for long working hours. Premium Brown Leather Upholstery – Smooth, durable, and easy to maintain. Soft Triple-Padded Backrest – Ensures maximum comfort and relaxation. Sleek Aluminum Armrests – Stylish and sturdy with a modern metallic finish. 360° Swivel &amp; Smooth Rolling Wheels – Easy movement across office floors. Adjustable Height &amp; Tilt Mechanism – Customize your seating position for better posture. Heavy-Duty Chrome Base – Stable, rust-resistant, and long-lasting. 📏 Dimensions: Seat Width: 21 inches Seat Depth: 20 inches Back Height: 28 inches Adjustable Height Range: 18 – 22 inches 📌 Ideal For: Corporate offices Home workstations Conference rooms Executive cabins 📞 Contact Us:📱 0345-3593470 | 0331-2142040🏢 Shop #G23, Panama Centre, Sir Shah Suleman Road, Near Esa Nagri, Hassan Square, Gulshan-e-Iqbal, Block 13D, Karachi🌐 Website: www.Rkenterpriseshub.com📘 Facebook: facebook.com/RKEnterprisesOfficialPK📸 Instagram: instagram.com/r.kenterprisesfurniture💬 WhatsApp: wa.me/923453593470",,"[""Black"",""Grey"",""Blue""]",true,true,false,true,false,false,false,false,false,false,e0c4796d-ce73-47df-8b1d-56308c07ed02,feaa3ab5-ec64-401d-a00a-125dd4997533,2025-10-07 12:53:35.648253+00
aa830efd-15d6-47b0-a6f6-0483e254594c,🪑 RK Enterprises – Steel Benches (2/3/4 Seater),rk-enterprises-steel-benches-234-seater,25500,26500,"[""https://utqpkukuvsecwgnsprfs.supabase.co/storage/v1/object/public/product-images/products/rk-enterprises-steel-benches-234-seater-1759534892318.jpeg""]","🪑 RK Enterprises – Steel Benches (2/3/4 Seater) ✅ Heavy-Duty Build – Manufactured with premium quality steel for maximum strength and durability✅ Rust &amp; Corrosion Resistant – Powder-coated finish ensures long-lasting performance in all weather conditions✅ Ergonomic Design – Smooth edges and comfortable seating for extended sitting✅ Multi-Purpose Usage – Ideal for parks, gardens, hospitals, bus stops, railway stations, schools, offices, and public waiting areas✅ Low Maintenance – Easy to clean and requires minimal upkeep✅ Stylish Appearance – Modern steel finish that suits both indoor and outdoor environments✅ Flexible Options – Available in 2-seater, 3-seater, and 4-seater models 📌 Model: Steel Bench (Custom Sizes Available)📏 Type: 2 / 3 / 4 Seater Options🎨 Finish: Powder-Coated Steel (Custom Colors Available)🏡 Best For: Indoor &amp; Outdoor Public/Private Use",,"[""Black"",""Grey"",""Blue""]",true,true,false,false,false,false,true,false,false,false,de3ff3d7-3f1a-4bd9-80ea-1389b8e2a5f6,f10e756f-3d3d-4057-80a9-0f1e84d14919,2025-10-07 12:53:35.648253+00
afe8b67e-deaf-458a-a013-44c9bc979bca,RK-FC1125 Folding Chair – Strong & Durable Metal Frame with Plastic Seat,rk-fc1125-folding-chair-strong-and-durable-metal-frame-with-plastic-seat,6800,8500,"[""https://utqpkukuvsecwgnsprfs.supabase.co/storage/v1/object/public/product-images/products/rk-folding-chair-white-plastic-with-metal-frame-model-rk-fc-02-white-1759534786335.png"",""https://utqpkukuvsecwgnsprfs.supabase.co/storage/v1/object/public/product-images/products/rk-folding-chair-white-plastic-with-metal-frame-model-rk-fc-02-white-1759534782435.png"",""https://utqpkukuvsecwgnsprfs.supabase.co/storage/v1/object/public/product-images/products/rk-folding-chair-white-plastic-with-metal-frame-model-rk-fc-02-white-1759534780433.png"",""https://utqpkukuvsecwgnsprfs.supabase.co/storage/v1/object/public/product-images/products/rk-folding-chair-white-plastic-with-metal-frame-model-rk-fc-02-white-1759534780433-1759879666583.webp""]","🪑 RK Folding Chair – Modern Comfort &amp; Space Saving ✅ Model No.: RK-FC1125 ✅ High-quality metal frame with powder coating ✅ Durable plastic seat &amp; backrest for comfort ✅ Easy folding mechanism – portable &amp; space-saving ✅ Anti-slip rubber feet for stability ✅ Ideal for home, office, events &amp; study &nbsp; 📞 Contact Us: 0345-3593470 | 0331-2142040 📍 Address: Shop #G23, Panama Centre, Sir Shah Suleman Road, Near Esa Nagri, Hassan Square, Gulshan-e-Iqbal, Block 13D, Karachi 🌐 Website: www.Rkenterpriseshub.com 📘 Facebook: facebook.com/RKEnterprisesOfficialPK 📸 Instagram: instagram.com/r.kenterprisesfurniture ▶️ YouTube: youtube.com/@R.kEnterprises 💬 WhatsApp: wa.me/923453593470 ✨ RK Enterprises – Feel The Comfort",,"[""Black"",""Grey"",""Blue""]",false,false,false,false,false,false,false,false,false,true,69109c18-45a8-471c-95fb-30ac08a98f6c,e0cb6ca5-7171-47f6-8bed-3fb4b1a0815f,2025-10-07 12:53:35.648253+00
b3cc9d5e-1c38-496b-a1dc-a7334a8ce49b,Boss BP-269-2 Tulip 2-Seater Visitor Sofa,boss-bp-269-2-tulip-2-seater-visitor-sofa-970810,18000,22000,"[""https://utqpkukuvsecwgnsprfs.supabase.co/storage/v1/object/public/product-images/products/pasted-image-1760050904567-1760050906622.png"",""https://utqpkukuvsecwgnsprfs.supabase.co/storage/v1/object/public/product-images/products/pasted-image-1760050933288-1760050936842.png"",""https://utqpkukuvsecwgnsprfs.supabase.co/storage/v1/object/public/product-images/products/pasted-image-1760050950201-1760050951344.png""]","Modern 2-Seater Waiting Bench – Model B-269

Upgrade your space with this stylish and durable 2-seater bench, built for comfort and long-lasting performance.
Featuring a powder-coated steel frame, ergonomic molded plastic seats, and anti-slip rust-resistant legs, it’s perfect for offices, hospitals, airports, clinics, and reception areas.
Design: Sleek | Comfortable | Durable",,[],true,true,false,false,false,false,true,false,false,false,de3ff3d7-3f1a-4bd9-80ea-1389b8e2a5f6,d614fd16-d1d3-4781-8e85-00d87c3ceaa6,2025-10-09 23:02:48.571253+00
b46a206a-d058-4d3b-804b-7b9bd71aefba,Visitor Chair – Model RK-350,visitor-chair-model-rk-350,12800,18500,"[""https://utqpkukuvsecwgnsprfs.supabase.co/storage/v1/object/public/product-images/products/visitor-chair-model-rk-350-1759534869528.png""]","Visitor Chair – Model RK-350 ✅ Ergonomic Mesh Backrest – Breathable design for maximum airflow and comfort.✅ Contoured Padded Seat – High-density foam ensures long sitting comfort.✅ Sturdy Chrome Cantilever Frame – Rust-resistant and built for durability.✅ Fixed Armrests – Supports natural arm positioning to reduce fatigue.✅ Modern Minimalist Look – Perfect for offices, conference rooms, and reception areas.✅ Non-Slip Floor Protectors – Prevent scratches and keep the chair stable. 📏 Dimensions: Standard visitor chair size.🎨 Color: Black seat &amp; backrest with chrome base.🏢 Best For: Offices, reception spaces, meeting areas, and waiting rooms. 📞 Contact: 0345-3593470 | 0331-2142040📍 Address: Shop #G23, Panama Centre, Sir Shah Suleman Road, Near Esa Nagri, Hassan Square, Gulshan-e-Iqbal, Block 13D, Karachi🌐 Website: www.Rkenterpriseshub.com📘 Facebook: [Link: facebook.com/RKEnterprisesOfficialPK (https://www.facebook.com/RKEnterprisesOfficialPK)]📸 Instagram: [Link: instagram.com/r.kenterprisesfurniture (https://www.instagram.com/r.kenterprisesfurniture)]💬 WhatsApp: wa.me/923453593470",,"[""Black"",""Grey"",""Blue""]",true,true,false,false,false,false,false,false,false,false,e0c4796d-ce73-47df-8b1d-56308c07ed02,ac812c98-d8aa-4833-9dd7-6224422206af,2025-10-07 12:53:35.648253+00
b72b9b93-8aa4-4256-94c5-a0802ba96379,Boss BP-269 Tulip 3-Seater Visitor Sofa,boss-bp-269-tulip-3-seater-visitor-sofa,21800,25000,"[""https://utqpkukuvsecwgnsprfs.supabase.co/storage/v1/object/public/product-images/products/whatsapp-image-2025-10-10-at-031611bdb3cbf8-1760049364889.jpg"",""https://utqpkukuvsecwgnsprfs.supabase.co/storage/v1/object/public/product-images/products/whatsapp-image-2025-10-10-at-031611732dc823-1760049399450.jpg"",""https://utqpkukuvsecwgnsprfs.supabase.co/storage/v1/object/public/product-images/products/whatsapp-image-2025-10-10-at-03253956fbaf01-1760049428524.jpg""]","Upgrade your reception or waiting area with this modern 3-seater bench chair, designed for durability, comfort, and style. Perfect for offices, hospitals, airports, clinics, showrooms, and public spaces, this seating solution ensures both functionality and elegance. ✅ Product Features: - Model: B-269 - Design: Sleek &amp; contemporary 3-seater style - Material: Heavy-duty steel frame with powder-coated finish for long-lasting durability - Seat &amp; Backrest: High-quality molded plastic panels, ergonomically designed for comfort - Armrests: Sturdy side arm support for enhanced user comfort - Legs: Anti-slip, rust-resistant metal legs for stability - Capacity: Supports multiple users at once without sagging - Color: Elegant Grey (custom colors available on request) 📌 Ideal For: - Corporate Offices - Hospitals &amp; Clinics - Airports &amp; Railway Stations - Schools, Colleges &amp; Waiting Areas - Showrooms &amp; Reception Halls 📏 Dimensions: Standard 3-seater (custom sizes available on order)",,"[""Black"",""Grey"",""Blue""]",true,true,false,false,false,false,true,false,false,false,de3ff3d7-3f1a-4bd9-80ea-1389b8e2a5f6,d614fd16-d1d3-4781-8e85-00d87c3ceaa6,2025-10-07 12:53:35.648253+00
bbba0df8-48d5-4c69-be18-e9043f54132a,🪑 Model 511-M – Modern Mesh Bar Stool (Black Finish),model-511-m-modern-mesh-bar-stool-black-finish,10900,16500,"[""https://utqpkukuvsecwgnsprfs.supabase.co/storage/v1/object/public/product-images/products/model-511-m-modern-mesh-bar-stool-black-finish-1759535070502.jpeg"",""https://utqpkukuvsecwgnsprfs.supabase.co/storage/v1/object/public/product-images/products/model-511-m-modern-mesh-bar-stool-black-finish-1759535070502.jpeg""]","🪑 Model 511-M – Modern Mesh Bar Stool (Black Finish) ✅ Breathable mesh fabric back &amp; seat – lightweight and ventilated✅ Contoured ergonomic frame – provides spine support without bulk✅ Gas-lift hydraulic height adjustment with smooth lever✅ 360° swivel rotation for dynamic use✅ Matte black powder-coated frame &amp; base – sleek and modern✅ Integrated footrest ring for added comfort✅ Perfect for cafés, kitchen counters, workstations, and showrooms✅ Minimalist industrial design – blends with any décor style",,"[""Black"",""Grey"",""Blue""]",false,false,false,false,false,true,false,false,false,false,1f3162b2-b073-4699-adc5-69521edf2565,01ae3e50-a7d6-475f-9206-1ddedb9d6362,2025-10-07 12:53:35.648253+00
bd151169-6c17-4984-89a4-3b420d8b0402,RK Patchwork Dining Chair – Modern Style & Comfort,rk-patchwork-dining-chair-modern-style-and-comfort,8500,10500,"[""https://utqpkukuvsecwgnsprfs.supabase.co/storage/v1/object/public/product-images/products/rk-patchwork-dining-chair-modern-style-and-comfort-1759534722200-1-1759844082177.webp""]","🪑 RK Patchwork Dining Chair – Modern Style &amp; Comfort ✅ Unique Patchwork Design – Eye-catching mix of colors &amp; patterns for a trendy look ✅ Ergonomic Curved Back – Provides natural posture support &amp; sitting comfort ✅ Soft Fabric Upholstery – Durable, breathable &amp; comfortable for daily use ✅ Solid Wooden Legs – Strong beech wood with metal cross-support for stability ✅ Multipurpose Use – Perfect for dining rooms, lounges, study areas &amp; offices ✅ Compact &amp; Stylish – Adds elegance to any modern interior décor 📞 Contact Us 0345-3593470 | 0331-2142040 📍 Showroom Address Shop #G23, Panama Centre, Sir Shah Suleman Road, Near Esa Nagri, Hassan Square, Gulshan-e-Iqbal, Block 13D, Karachi 🌐 Website: www.Rkenterpriseshub.com 📘 Facebook: facebook.com/RKEnterprisesOfficialPK 📸 Instagram: instagram.com/r.kenterprisesfurniture 💬 WhatsApp: wa.me/923453593470 👉 Best choice for dining tables, study rooms, or accent seating, combining comfort with modern elegance.",,"[""Black"",""Grey"",""Blue""]",true,false,false,false,false,true,false,false,false,false,1f3162b2-b073-4699-adc5-69521edf2565,03825077-ea9c-4ff0-866f-c3db11920880,2025-10-07 12:53:35.648253+00
be27928c-9e49-48b5-9e28-092590e15a3c,🪑 RK Outdoor Folding Chair – Portable Comfort for Outdoor Adventures (Model: RK-OC-101),rk-outdoor-folding-chair-portable-comfort-for-outdoor-adventures-model-rk-oc-101,5500,9500,"[""https://utqpkukuvsecwgnsprfs.supabase.co/storage/v1/object/public/product-images/products/rk-outdoor-folding-chair-portable-comfort-for-outdoor-adventures-model-rk-oc-101-1759535085205.jpeg""]","🪑 RK Outdoor Folding Chair – Portable Comfort for Outdoor Adventures (Model: RK-OC-101) ✅ Product Features: Sturdy black powder-coated steel frame for durability Weather-resistant navy blue fabric seat and backrest Comfortable armrests with built-in cup holder Comes with a matching carry bag for easy transport and storage Folds flat in seconds – Ideal for camping, picnics, beach, fishing, or outdoor events Lightweight yet strong – supports adult weight with ease Branding: Elegant ""RK ENTERPRISES"" watermark at the backrest 🔹 Short Description: Navy blue foldable outdoor chair with carry bag – perfect for camping, beach, or garden use. Lightweight, compact, and durable. 📞 Contact Us:0345-3593470 | 0331-2142040📍 Shop #G23, Panama Centre, Sir Shah Suleman Road, Near Esa Nagri, Hassan Square, Block 13D, Karachi🌐 www.Rkenterpriseshub.com📘 [Link: facebook.com/RKEnterprisesOfficialPK (https://facebook.com/RKEnterprisesOfficialPK)]📸 [instagram.com/r.kenterprisesfurniture]([Link: https://instagram.com/r.kenterprisesf (https://instagram.com/r.kenterprisesf)] &nbsp;",,"[""Black"",""Grey"",""Blue""]",false,false,false,false,false,false,false,false,false,true,69109c18-45a8-471c-95fb-30ac08a98f6c,e0cb6ca5-7171-47f6-8bed-3fb4b1a0815f,2025-10-07 12:53:35.648253+00
bf5d2381-c26e-42d4-8fa3-78d7c5d00d8e,🪑 RK Folding Chair – White Plastic with Metal Frame (Model: RK-FC-02-WHITE),rk-folding-chair-white-plastic-with-metal-frame-model-rk-fc-02-white,8500,11500,"[""https://utqpkukuvsecwgnsprfs.supabase.co/storage/v1/object/public/product-images/products/rk-folding-chair-white-plastic-with-metal-frame-model-rk-fc-02-white-1759534780433-1759879666583.webp""]","🪑 RK Folding Chair – White Plastic with Metal Frame (Model: RK-FC-02-WHITE) ✅ Model: RK-FC-02-WHITE✅ Design: Dual view – front and back display✅ Frame Material: Heavy-duty powder-coated metal (Grey Finish)✅ Seat &amp; Back: High-density molded plastic (HDPE) – white color✅ Folding Mechanism: Smooth, compact fold with interlocking seat design✅ Backrest Handle: Integrated carry handle for easy portability✅ Leg Tips: Non-slip rubber feet for floor protection✅ Usage: Ideal for events, schools, seminars, home, and office✅ Stackability: Foldable and space-saving design for easy storage✅ Weight Capacity: Supports up to 120 kg✅ Dimensions (approx): Height: 85 cm Seat Height: 45 cm Width: 45 cm 📞 Contact to Order: 📱 0345-3593470 | 0331-2142040📍 Address: Shop #G23, Panama Centre, Sir Shah Suleman Road, Near Esa Nagri, Hassan Square, Gulshan-e-Iqbal, Block 13D, Karachi🌐 Website: www.Rkenterpriseshub.com📘 Facebook: [Link: facebook.com/RKEnterprisesOfficialPK (https://www.facebook.com/RKEnterprisesOfficialPK)]📸 Instagram: [Link: instagram.com/r.kenterprisesfurniture (https://instagram.com/r.kenterprisesfurniture)]💬 WhatsApp: Chat Now",,"[""Black"",""Grey"",""Blue""]",false,false,false,false,false,false,false,false,false,true,69109c18-45a8-471c-95fb-30ac08a98f6c,e0cb6ca5-7171-47f6-8bed-3fb4b1a0815f,2025-10-07 12:53:35.648253+00
c78f33e2-7122-44a7-aa6f-405c248af592,Bar Stool-605,bar-stool-605,9800,12500,"[""https://utqpkukuvsecwgnsprfs.supabase.co/storage/v1/object/public/product-images/products/bar-stool-605-1759535067620.png""]","🪑 Model 605 – Glossy Red Designer Bar Stool ✅ High-gloss ABS plastic seat – durable, vibrant, and easy to clean✅ Sleek, futuristic shell design – adds a modern pop to any space✅ Comfortable bucket-style seating with back support✅ Gas-lift height adjustment – smooth and user-friendly lever✅ 360° swivel feature for flexible seating movement✅ Sturdy chrome base with built-in anti-slip ring✅ Integrated footrest for added support and posture✅ Ideal for bars, cafés, showrooms, and modern kitchens✅ Eye-catching red finish that draws attention instantly 📌 Short Description: 🪑 Model 605 – Glossy Red Bar StoolFuturistic ABS stool with height adjustment and swivel. Perfect for stylish cafés, counters, and lounges. 📞 Contact Us:0345-3593470 | 0331-2142040📍 Shop #G23, Panama Centre, Sir Shah Suleman Road, Near Esa Nagri, Hassan Square, Block 13D, Karachi🌐 [Link: www.Rkenterpriseshub.com (http://www.Rkenterpriseshub.com)]📘 [Link: facebook.com/RKEnterprisesOfficialPK (https://facebook.com/RKEnterprisesOfficialPK)]📸 [Link: instagram.com/r.kenterprisesfurniture (https://instagram.com/r.kenterprisesfurniture)]📱 wa.me/923453593470 Let me know if you'd like this s",,"[""Black"",""Grey"",""Blue""]",false,false,false,false,false,true,false,false,false,false,1f3162b2-b073-4699-adc5-69521edf2565,01ae3e50-a7d6-475f-9206-1ddedb9d6362,2025-10-07 12:53:35.648253+00
c7ae6452-7774-403a-a3b7-f35c8b94f10f,RK Modern Plastic Arm Chair – Stylish & Comfortable Seating,rk-modern-plastic-arm-chair-stylish-and-comfortable-seating,9500,12500,"[""https://utqpkukuvsecwgnsprfs.supabase.co/storage/v1/object/public/product-images/products/rk-modern-plastic-arm-chair-stylish-and-comfortable-seating-1759534734113-1759879123291.webp""]","🪑 RK Modern Plastic Arm Chair – Stylish &amp; Comfortable Seating Key Features ✅ Ergonomic armrest design for extra comfort✅ High-quality molded plastic seat✅ Wooden legs with strong metal cross-support frame✅ Durable &amp; lightweight structure✅ Perfect for dining, study, and office use Product Specifications Model No.: RK-201 Material: Premium Molded Plastic Seat Frame: Solid Wooden Legs + Metal Support Color Options: Brown, Black, White, Grey Dimensions: Standard dining chair height Usage: Dining, Study, Office, Home &amp; Café Seating Why Choose RK Enterprises? ✨ Premium Quality✨ Affordable Prices✨ Wide Range of Furniture✨ Trusted Brand in Karachi Contact &amp; Links 📞 0345-3593470 | 0331-2142040📍 Shop #G23, Panama Centre, Sir Shah Suleman Road, Near Esa Nagri, Hassan Square, Gulshan-e-Iqbal, Block 13D, Karachi 🌐 Website: www.Rkenterpriseshub.com📘 Facebook: [Link: facebook.com/RKEnterprisesOfficialPK (https://facebook.com/RKEnterprisesOfficialPK)]📸 Instagram: [Link: instagram.com/r.kenterprisesfurniture (https://instagram.com/r.kenterprisesfurniture)]💬 WhatsApp: wa.me/923453593470▶️ YouTube: [Link: R.K Enterprises (https://www.youtube.com/@R.kEnterprises)]",,"[""Black"",""Grey"",""Blue""]",true,true,true,false,false,true,false,false,false,false,fefd4b65-9afd-435d-8a48-45be639240ac,220eb8e8-10e3-4253-aaa3-bebc67084772,2025-10-07 12:53:35.648253+00
c7ce5637-c14c-4ba2-a22c-8dde8ce85fbf,Visitor Benches,visitor-benches,33500,420000,"[""https://utqpkukuvsecwgnsprfs.supabase.co/storage/v1/object/public/product-images/products/boss-bp-269-tulip-3-seater-visitor-sofa-1759535171101.jpeg""]","🪑 RK Enterprises – Steel Bench with Cushion (Model SB-302, 3-Seater) ✅ Premium Steel Frame – Strong &amp; durable stainless-steel construction with powder-coated finish✅ Comfortable Cushioned Seats – Padded black leatherette cushions provide comfort for long sitting hours✅ Ergonomic Design – Smooth curved armrests, perforated steel base &amp; supportive backrest✅ Rust &amp; Weather Resistant – Long-lasting performance in indoor &amp; semi-outdoor environments✅ Multi-Purpose Usage – Ideal for offices, hospitals, schools, airports, bus stops, railway stations, lounges, and public waiting areas✅ Heavy-Duty Legs – Ensures stability and durability for continuous usage✅ Low Maintenance – Easy to clean cushions and steel frame 📌 Model: SB-302📏 Type: Steel Bench with Cushion – 3 Seater🎨 Finish: Steel Frame + Black Cushions🏡 Usage: Indoor &amp; Semi-Outdoor Waiting Areas",,"[""Black"",""Grey"",""Blue""]",false,true,false,false,false,false,true,false,false,false,de3ff3d7-3f1a-4bd9-80ea-1389b8e2a5f6,f10e756f-3d3d-4057-80a9-0f1e84d14919,2025-10-07 12:53:35.648253+00
c9543dba-e0c2-4381-8be7-9799eb8657d8,🪑 RK Student Chair – Model RK-06,rk-student-chair-model-rk-06,5500,7500,"[""https://utqpkukuvsecwgnsprfs.supabase.co/storage/v1/object/public/product-images/products/rk-study-chair-with-writing-pad-model-rk-210-1759534949821.png""]","🪑 RK Student Chair – Model RK-06 ✅ Model Code: RK-06✅ Color: Blue seat &amp; backrest with black metal frame✅ Design: Ergonomic plastic seat with curved back support✅ Frame: Durable black powder-coated metal frame✅ Attached Writing Pad: High-quality plastic folding desk✅ Perfect for: Classrooms, Academies, Training Centers, Coaching Institutes 📐 Dimensions: Overall Height: 31 inches Seat Height (from floor): 18 inches Seat Width: 17 inches Seat Depth: 32 inches (including legs) Writing Pad Length: 22 inches 💡 Key Features: ✅ Foldable writing pad for convenience ✅ Comfortable curved back for long seating hours ✅ Strong and lightweight structure ✅ Easy to stack and maintain ✅ Anti-slip feet for added safety 📞 For Orders &amp; Details: Call/WhatsApp: 0345-3593470 | 0331-2142040Address: Shop #G23, Panama Centre, Sir Shah Suleman Road, Near Essa Nagri, Hassan Square, Block 13D, Gulshan-e-Iqbal, Karachi🌐 Website: www.rkenterpriseshub.com📘 Facebook: facebook.com/RKEnterprisesOfficialPK📸 Instagram: instagram.com/r.kenterprisesfurniture💬 WhatsApp Chat: Click to Chat",,"[""Black"",""Grey"",""Blue""]",false,false,false,false,false,false,false,true,false,false,2df6d287-acef-48d6-8383-e34ac96970a0,f45f0905-9b1d-41d1-be40-1b1b79dce600,2025-10-07 12:53:35.648253+00
cad62e55-92ee-4bc6-9f40-544fe068054a,RK Enterprises – MIAMI Chair | Model RK-1101,rk-enterprises-miami-chair-or-model-rk-1101,12500,14500,"[""https://utqpkukuvsecwgnsprfs.supabase.co/storage/v1/object/public/product-images/products/rk-enterprises-miami-chair-or-model-rk-1101-1759534838851-1759879824842.webp""]","RK Enterprises – MIAMI Chair | SAAB Craft UPVC Furniture | Model RK-1101 ✅ Product Overview The MIAMI Chair RK-1101 by SAAB Craft UPVC Furniture is a stylish, comfortable, and durable seating solution designed for both indoor and outdoor use. Featuring a vibrant blue-and-white striped cushion set with a sleek white UPVC frame, it combines modern aesthetics with lasting performance. Key Features 🎨 Elegant Blue &amp; White Stripes – Fresh, coastal-inspired design perfect for patios, balconies, and living spaces. 🪑 Ergonomic Comfort – High backrest with plush cushioning for maximum relaxation. 💪 Sturdy UPVC Frame – Rust-proof, weather-resistant, and lightweight for easy mobility. 🛋️ Removable Cushions – Easy to clean and maintain. 🏡 Versatile Use – Ideal for outdoor lounges, gardens, poolside, or indoor seating areas. 🌦️ All-Weather Design – Withstands sunlight, rain, and humidity without fading or damage. Specifications Model: RK-1101 Brand: SAAB Craft UPVC Furniture Material: UPVC frame with fabric cushions Color: White frame with blue-and-white striped cushions Usage: Indoor &amp; Outdoor Category: Outdoor / Lounge Chairs 📞 Order Now: 0345-3593470 | 0331-2142040 📍 Address: Shop #G23, Panama Centre, Sir Shah Suleman Road, Near Essa Nagri, Hassan Square, Block 13D, Gulshan-e-Iqbal, Karachi 🌐 Website: www.Rkenterpriseshub.com 📘 Facebook: facebook.com/RKEnterprisesOfficialPK 📸 Instagram: instagram.com/r.kenterprisesfurniture 💬 WhatsApp: wa.me/923453593470",,"[""Black"",""Grey"",""Blue""]",true,true,true,false,false,true,true,false,true,false,a3e4b1f3-170d-4509-ad70-030f3f5bb399,88879a89-f849-47a1-bd48-4a873141da7f,2025-10-07 12:53:35.648253+00
cb727c0f-e5af-4ca7-870a-587348753969,RK Enterprises – Stylish Modern Bar Stool (Model: RK-516),rk-enterprises-stylish-modern-bar-stool-model-rk-516,10500,13900,"[""https://utqpkukuvsecwgnsprfs.supabase.co/storage/v1/object/public/product-images/products/rk-enterprises-stylish-modern-bar-stool-model-rk-516-1759535141172.jpeg""]","🪑 RK Enterprises – Stylish Modern Bar Stool (Model: RK-516) ✅ Product Type: Adjustable Bar Stool✅ Material: Premium PU Leather (Black) with sleek finish✅ Seat Design: Ergonomic curved seat with partial back support for comfort✅ Frame &amp; Base: Heavy-duty chrome-plated steel with round weighted base✅ Footrest: Sturdy half-round chrome footrest for added relaxation✅ Height Adjustment: Gas-lift hydraulic system with side lever✅ Rotation: 360° swivel function for flexible use✅ Usage: Perfect for kitchen counters, cafes, restaurants, and reception areas✅ Style: Contemporary design blending comfort &amp; elegance 📌 Contact &amp; Ordering 📞 0345-3593470 | 0331-2142040📍 Shop #G23, Panama Centre, Sir Shah Suleman Road, Near Esa Nagri, Hassan Square, Block 13D, Karachi🌐 www.Rkenterpriseshub.com📘 [Link: facebook.com/RKEnterprisesOfficialPK (https://www.facebook.com/RKEnterprisesOfficialPK)]📸 [Link: instagram.com/r.kenterprisesfurniture (https://www.instagram.com/r.kenterprisesfurniture)]💬 WhatsApp",,"[""Black"",""Grey"",""Blue""]",false,false,false,false,false,true,false,false,false,false,1f3162b2-b073-4699-adc5-69521edf2565,01ae3e50-a7d6-475f-9206-1ddedb9d6362,2025-10-07 12:53:35.648253+00
ceee4e67-48e9-4f32-a4cf-e52d2965d318,🪑 Model 204 – Student / Training Chair,model-204-student-training-chair,3950,4600,"[""https://utqpkukuvsecwgnsprfs.supabase.co/storage/v1/object/public/product-images/products/model-204-student-training-chair-1759534940686.png""]","🪑 Model 204 – Student / Training Chair 📋 Product Description The Model 204 Chair is a durable, practical, and lightweight seating solution designed for classrooms, training centers, and multi-purpose halls. Its ergonomic molded plastic seat ensures comfort during long sitting hours, while the sturdy steel frame provides strength and stability. The backrest cut-out allows ventilation and easy handling. ✅ Key Features Seat &amp; Back: High-quality molded plastic in blue finish (available in multiple colors on demand). Frame: Strong chrome-coated tubular steel legs for long-lasting durability. Backrest Design: Cut-out handle for ventilation and easy mobility. Leg Support: Cross bar reinforcement for extra strength and balance. Floor Protection: Rubber leg caps to prevent scratches and slipping. Usage: Ideal for schools, colleges, tuition centers, seminar halls, and training institutes. 📐 Dimensions (Approx.) Seat Height: 18 inches Seat Width: 17 inches Seat Depth: 16 inches Backrest Height: 14 inches 🎯 Benefits Comfortable seating for students and trainees Lightweight yet sturdy design for daily use Easy to move, stack, and clean Cost-effective solution for bulk seating requirements 📞 Contact Us: 0345-3593470 | 0331-2142040🌐 Website: www.Rkenterpriseshub.com📍 Shop Address: Shop #G23, Panama Centre, Sir Shah Suleman Road, Near Esa Nagri, Hassan Square, Gulshan-e-Iqbal, Block 13D, Karachi📲 Social Links: Facebook: [Link: facebook.com/RKEnterprisesOfficialPK (https://facebook.com/RKEnterprisesOfficialPK)] Instagram: [Link: instagram.com/r.kenterprisesfurniture (https://instagram.com/r.kenterprisesfurniture)] WhatsApp: wa.me/923453593470",,"[""Black"",""Grey"",""Blue""]",false,false,false,false,false,false,false,true,false,false,2df6d287-acef-48d6-8383-e34ac96970a0,f45f0905-9b1d-41d1-be40-1b1b79dce600,2025-10-07 12:53:35.648253+00
d181916d-11d3-4d90-b404-573fc32bb985,🪑 Model No.: RK-FC1126-RED,model-no-rk-fc1126-red,4900,8500,"[""https://utqpkukuvsecwgnsprfs.supabase.co/storage/v1/object/public/product-images/products/model-no-rk-fc1126-red-1759534802863.png"",""https://utqpkukuvsecwgnsprfs.supabase.co/storage/v1/object/public/product-images/products/model-no-rk-fc1126-red-1759534802863.png"",""https://utqpkukuvsecwgnsprfs.supabase.co/storage/v1/object/public/product-images/products/model-no-rk-fc1126-red-1759534802863.png""]","🪑 Model No.: RK-FC1126-RED 🔹 Product Name: RK Red Folding Chair – Compact &amp; Durable 📋 Description: ✅ Stylish modern red plastic seat and backrest✅ Lightweight and foldable design for easy storage✅ Dual-slot ventilated backrest for added comfort✅ Strong silver metal frame for enhanced stability✅ Floor-safe anti-slip leg tips✅ Ideal for indoor/outdoor use, events, schools, or extra seating 📐 Specifications: Material: Molded plastic (seat &amp; back), steel tube frame Frame Finish: Matte Silver Color: Bright Red Folding Mechanism: Smooth &amp; space-saving Weight Capacity: Up to 100 kg Dimensions (Approx.): Height: 78 cm Seat Height: 45 cm Width: 44 cm Depth: 48 cm 📦 Applications: School functions Cafeterias &amp; seminars Weddings, exhibitions Home &amp; garden backup seating 📞 For Orders &amp; Inquiries: Call/WhatsApp: 0345-3593470 | 0331-2142040🌐 www.Rkenterpriseshub.com📍 Shop #G23, Panama Centre, Sir Shah Suleman Road, Near Esa Nagri, Hassan Square, Gulshan-e-Iqbal, Block 13D, Karachi📘 [Link: Facebook Page (https://facebook.com/RKEnterprisesOfficialPK)]📸 [Link: Instagram (https://instagram.com/r.kenterprisesfurniture)]📲 WhatsApp Link",,"[""Black"",""Grey"",""Blue""]",false,false,false,false,false,false,false,false,false,true,69109c18-45a8-471c-95fb-30ac08a98f6c,e0cb6ca5-7171-47f6-8bed-3fb4b1a0815f,2025-10-07 12:53:35.648253+00
d829d99a-34fb-4e49-83a7-82d37f1ed385,Bar Stool-511-C,bar-stool-511-c,12500,14500,"[""https://utqpkukuvsecwgnsprfs.supabase.co/storage/v1/object/public/product-images/products/bar-stool-511-c-1759534659333.png""]","🪑 Model: 511-C – Adjustable Leather Bar Stool ✅ Product Features: Design: Contemporary square-stitched seat and backrest Upholstery: Premium-grade PU leather in dark brown finish Seat Padding: High-density foam for added comfort Height Adjustment: Smooth gas-lift mechanism Swivel: 360° rotating seat Base: Heavy-duty chrome steel base with anti-slip rubber ring Footrest: Integrated chrome circular footrest Usage: Ideal for kitchens, bar counters, cafes, reception areas 📏 Specifications: Model Code: 511-C Seat Height: Adjustable approx. 22"" to 32"" Seat Width: Approx. 17 inches Base Diameter: Approx. 15 inches Weight Capacity: Up to 120 kg 📞 Contact &amp; Purchase Info: RK ENTERPRISES📱 0345-3593470 | 0331-2142040📍 Shop #G23, Panama Centre, Sir Shah Suleman Road, Near Esa Nagri, Hassan Square, Gulshan-e-Iqbal, Block 13D, Karachi🌐 [Link: www.Rkenterpriseshub.com (https://www.Rkenterpriseshub.com)]📘 [Link: facebook.com/RKEnterprisesOfficialPK (https://facebook.com/RKEnterprisesOfficialPK)]📸 [Link: instagram.com/r.kenterprisesfurniture (https://instagram.com/r.kenterprisesfurniture)]📲 WhatsApp: wa.me/923453593470",,"[""Black"",""Grey"",""Blue""]",true,true,false,false,false,true,false,false,false,false,1f3162b2-b073-4699-adc5-69521edf2565,01ae3e50-a7d6-475f-9206-1ddedb9d6362,2025-10-07 12:53:35.648253+00
d85ceb7d-c8e4-4392-a39c-e0a4e17dd331,RK Executive Office Chair – Premium Comfort for Professionals,rk-executive-office-chair-premium-comfort-for-professionals,38000,45000,"[""https://utqpkukuvsecwgnsprfs.supabase.co/storage/v1/object/public/product-images/products/1759835862721-qf3djj217yk.png""]","🪑 RK Executive Office Chair – Premium Comfort for Professionals ✅ High-Back Design – Provides full spine and neck support for long working hours ✅ Luxurious PU Leather Upholstery – Soft, durable, and easy to clean ✅ Ergonomic Cushioning – Thick padded seat and backrest with segmented design for maximum comfort ✅ Sturdy Armrests – Designed with matching padding for extra support ✅ 360° Swivel &amp; Smooth Wheels – Easy movement across office spaces ✅ Adjustable Height – Pneumatic lift for customizable seating position ✅ Heavy-Duty Base – Strong nylon base with 5-star design ensures stability and durability 📞 Contact Us 0345-3593470 | 0331-2142040 📍 Showroom Address Shop #G23, Panama Centre, Sir Shah Suleman Road, Near Esa Nagri, Hassan Square, Gulshan-e-Iqbal, Block 13D, Karachi 🌐 Website: www.Rkenterpriseshub.com 📘 Facebook: facebook.com/RKEnterprisesOfficialPK 📸 Instagram: instagram.com/r.kenterprisesfurniture 💬 WhatsApp: wa.me/923453593470 👉 Perfect for executives, managers, and home offices, combining style with ergonomic comfort.",,"[""Black"",""Grey"",""Blue""]",true,true,false,true,false,false,false,false,false,false,e0c4796d-ce73-47df-8b1d-56308c07ed02,feaa3ab5-ec64-401d-a00a-125dd4997533,2025-10-07 12:53:35.648253+00
d8b19552-06a2-421f-8848-3796d17abde3,"RK-B5001 – Executive High Back Revolving Chair ",rk-b5001-executive-high-back-revolving-chair--507104,65000,69999,"[""https://utqpkukuvsecwgnsprfs.supabase.co/storage/v1/object/public/product-images/products/pasted-image-1760183420678-1760183421704.png""]","RK-B5001 – Executive High Back Revolving Chair | Premium Comfort & Professional Design  

✅ High backrest with ergonomic lumbar support for superior comfort  
✅ Extra-thick cushioned seat and back for long working hours  
✅ Smooth reclining function with tilt lock control  
✅ Premium PU leather upholstery with elegant dual-tone stitching  
✅ Sturdy chrome metal base with 360° swivel wheels for easy mobility  
✅ Height adjustable gas lift for perfect posture alignment  
✅ Ideal for directors, executives, and senior management use  
✅ Designed by RK ENTERPRISES – Premium Office Furniture in Karachi  

📍 Ideal For:
Corporate Offices | Executive Cabins | Conference Rooms | Home Workstations  

📞 Contact:
0345-3593470 | 0331-2142040  

🏬 Address:
Shop # G-23, Panama Centre, Sir Shah Suleman Road, Near Essa Nagri,  
Hassan Square, Gulshan-e-Iqbal Block 13-D, Karachi  

🌐 Website:
www.Rkenterpriseshub.com  

📲 Social Links:
Facebook – facebook.com/RKEnterprisesOfficialPK  
Instagram – instagram.com/r.kenterprisesfurniture  
WhatsApp – wa.me/923453593470 
","RK-B5001 – Executive High Back Revolving Chair | Premium Comfort & Professional Design  

✅ High backrest with ergonomic lumbar support for superior comfort  
✅ Extra-thick cushioned seat and back for long working hours  
✅ Smooth reclining function with tilt lock control  
✅ Premium PU leather upholstery with elegant dual-tone stitching  
✅ Sturdy chrome metal base with 360° swivel wheels for easy mobility  
✅ Height adjustable gas lift for perfect posture alignment  
✅ Ideal for directors, executives, and senior management use  
✅ Designed by RK ENTERPRISES – Premium Office Furniture in Karachi  

📍 Ideal For:
Corporate Offices | Executive Cabins | Conference Rooms | Home Workstations  

📞 Contact:
0345-3593470 | 0331-2142040  

🏬 Address:
Shop # G-23, Panama Centre, Sir Shah Suleman Road, Near Essa Nagri,  
Hassan Square, Gulshan-e-Iqbal Block 13-D, Karachi  

🌐 Website:
www.Rkenterpriseshub.com  

📲 Social Links:
Facebook – facebook.com/RKEnterprisesOfficialPK  
Instagram – instagram.com/r.kenterprisesfurniture  
WhatsApp – wa.me/923453593470 
","[""Black,Brown""]",true,true,false,false,false,false,false,false,false,false,e0c4796d-ce73-47df-8b1d-56308c07ed02,3d37aed7-9ee6-4290-aba9-bb8d6a9d650e,2025-10-11 11:51:47.30757+00
d8dbe517-1ffc-4d6d-b9e4-e6ee57aa8719,Boss B-09-H Comforto Visitor Sofa 3-Seater Double Channel,boss-b-09-h-comforto-visitor-sofa-3-seater-double-channel-241863,14500,17000,"[""https://utqpkukuvsecwgnsprfs.supabase.co/storage/v1/object/public/product-images/products/pasted-image-1760051196215-1760051197446.png"",""https://utqpkukuvsecwgnsprfs.supabase.co/storage/v1/object/public/product-images/products/pasted-image-1760051217354-1760051218275.png"",""https://utqpkukuvsecwgnsprfs.supabase.co/storage/v1/object/public/product-images/products/pasted-image-1760051227870-1760051228987.png""]","Boss B-09-H Comforto Visitor Sofa – 3-Seater

Experience comfort and durability with the Boss B-09-H Comforto 3-Seater Visitor Sofa, designed for public spaces, schools, colleges, and commercial areas.
Built with high-quality materials and a double-channel steel leg structure, it ensures long life, sturdy support, and elegant design — making it the perfect sitting solution for any professional environment.

✅ 3-Seater Double Channel Design
✅ Strong Steel Legs for Stability
✅ Premium Build for Extra Life & Comfort",,"[""Grey,Blue,Black""]",false,true,false,false,false,false,true,false,false,false,de3ff3d7-3f1a-4bd9-80ea-1389b8e2a5f6,d614fd16-d1d3-4781-8e85-00d87c3ceaa6,2025-10-09 23:07:19.620809+00
da71efe7-648f-4ce4-85ef-9d730cf59349,🪑 RK-675 Round Back Plastic Arm Chair – Stylish & Stackable,rk-675-round-back-plastic-arm-chair-stylish-and-stackable,5500,8500,"[""https://utqpkukuvsecwgnsprfs.supabase.co/storage/v1/object/public/product-images/products/rk-675-round-back-plastic-arm-chair-stylish-and-stackable-1759535041382.png""]","🪑 RK-675 Round Back Plastic Arm Chair – Stylish &amp; Stackable Features ✅ Round backrest with slatted design for ventilation✅ Comfortable armrests for relaxed seating✅ Strong molded plastic for durability✅ Stackable for easy storage and space saving✅ Suitable for indoor &amp; outdoor use Specifications Model No.: RK-675 Material: High-Quality Molded Plastic Design: Round Back Arm Chair with Slatted Seat Colors: White, Black, Brown, Grey Stackable: Yes (space saving) Use: Outdoor, Garden, Patio, Balcony, Café, Home Seating Why RK Enterprises ✨ Premium Quality✨ Affordable Price✨ Wide Furniture Range✨ Trusted Brand in Karachi Contact &amp; Links 📞 0345-3593470 | 0331-2142040📍 Shop #G23, Panama Centre, Sir Shah Suleman Road, Near Esa Nagri, Hassan Square, Gulshan-e-Iqbal, Block 13D, Karachi 🌐 Website: [Link: www.Rkenterpriseshub.com (http://www.Rkenterpriseshub.com)]📘 Facebook: [Link: facebook.com/RKEnterprisesOfficialPK (https://facebook.com/RKEnterprisesOfficialPK)]📸 Instagram: [Link: instagram.com/r.kenterprisesfurniture (https://instagram.com/r.kenterprisesfurniture)]💬 WhatsApp: wa.me/923453593470▶️ YouTube: [Link: R.K Enterprises (https://www.youtube.com/@R.kEnterprises)]",,"[""Black"",""Grey"",""Blue""]",false,false,true,false,false,false,false,false,false,false,fefd4b65-9afd-435d-8a48-45be639240ac,220eb8e8-10e3-4253-aaa3-bebc67084772,2025-10-07 12:53:35.648253+00
dedf05e6-745b-44c8-ad87-0ffd9c18b0f3,Model No.: RK-BS1125-GREEN,model-no-rk-bs1125-green,14999,18600,"[""https://utqpkukuvsecwgnsprfs.supabase.co/storage/v1/object/public/product-images/products/model-256-modern-bar-stool-parrot-green-1759534662584.jpeg""]","🪑 RK Bar Stool – Velvet Elegance with Chrome Base Model No.: RK-BS1125-GREEN ✅ Premium Features: ✅ Modern Upholstery: Rich green velvet seat and backrest with elegant diamond tufted design ✅ Comfort Back Support: Curved ergonomic back for superior lumbar comfort ✅ Swivel &amp; Height Adjustable: Smooth 360° rotation with gas-lift height adjustment ✅ Sturdy Chrome Base: Heavy-duty circular base with anti-slip ring ✅ Footrest Design: Stylish oval footrest for enhanced leg support ✅ Ideal for: Bar counters, reception areas, kitchen islands, cafés, and salons 📞 Contact Us:📱 0345-3593470 | 📱 0331-2142040📍 Shop #G23, Panama Centre, Sir Shah Suleman Road, Near Esa Nagri, Hassan Square, Gulshan-e-Iqbal, Block 13D, Karachi🌐 www.Rkenterpriseshub.com📘 [Link: facebook.com/RKEnterprisesOfficialPK (https://www.facebook.com/RKEnterprisesOfficialPK)]📸 [Link: instagram.com/r.kenterprisesfurniture (https://www.instagram.com/r.kenterprisesfurniture)]💬 wa.me/923453593470",,"[""Black"",""Grey"",""Blue""]",true,false,false,false,false,true,false,false,false,false,1f3162b2-b073-4699-adc5-69521edf2565,01ae3e50-a7d6-475f-9206-1ddedb9d6362,2025-10-07 12:53:35.648253+00
df599055-b37a-409f-b8f3-e96bc7b40477,RK Mesh Back Training Chair with Writing Pad (Model: RK-TC-206),rk-mesh-back-training-chair-with-writing-pad-model-rk-tc-206,13500,14500,"[""https://utqpkukuvsecwgnsprfs.supabase.co/storage/v1/object/public/product-images/products/rk-study-chair-with-writing-pad-model-rk-210-1759534949821.png""]","🪑 RK Mesh Back Training Chair with Writing Pad (Model: RK-TC-206) ✅ Key Features: Ergonomic mesh backrest for ventilation and back support Padded black foam seat for extended sitting comfort Strong metal frame with matte black finish for durability Includes a foldable writing pad – perfect for classrooms, training sessions, and exams Space-saving foldable leg design for compact storage Smooth-edge armrests for relaxed hand positioning Ideal for offices, coaching centers, seminar halls, and study environments 🔹 Short Description: Modern black training chair with mesh back and foldable writing pad – perfect for classrooms, training halls, or offices. Durable, ergonomic, and space-saving. 📞 Contact Us:0345-3593470 | 0331-2142040📍 Shop #G23, Panama Centre, Sir Shah Suleman Road, Near Esa Nagri, Hassan Square, Block 13D, Karachi🌐 www.Rkenterpriseshub.com📘 [Link: facebook.com/RKEnterprisesOfficialPK (https://facebook.com/RKEnterprisesOfficialPK)]📸 [Link: instagram.com/r.kenterprisesfurniture (https://instagram.com/r.kenterprisesfurniture)]📱 wa.me/923453593470",,"[""Black"",""Grey"",""Blue""]",false,false,false,false,false,false,false,true,false,false,2df6d287-acef-48d6-8383-e34ac96970a0,f45f0905-9b1d-41d1-be40-1b1b79dce600,2025-10-07 12:53:35.648253+00
dfcedf10-24a8-493d-91a1-e57de285475f," RK-BS118 – Blue Plastic Bar & Kitchen Stool | Lightweight ",-rk-bs118-blue-plastic-bar-kitchen-stool-lightweight--986903,3800,4500,"[""https://utqpkukuvsecwgnsprfs.supabase.co/storage/v1/object/public/product-images/products/pasted-image-1760182878339-1760182879534.png"",""https://utqpkukuvsecwgnsprfs.supabase.co/storage/v1/object/public/product-images/products/pasted-image-1760182893798-1760182895157.png"",""https://utqpkukuvsecwgnsprfs.supabase.co/storage/v1/object/public/product-images/products/pasted-image-1760182903765-1760182904484.png"",""https://utqpkukuvsecwgnsprfs.supabase.co/storage/v1/object/public/product-images/products/pasted-image-1760182912890-1760182913955.png""]","RK-BS118 – Blue Plastic Bar & Kitchen Stool | Lightweight • Durable • Modern Design  

✅ Strong chrome-plated metal frame for long-lasting support  
✅ High-quality plastic round seat in attractive blue color  
✅ Anti-rust coating for indoor and outdoor use  
✅ Lightweight design — easy to move and clean  
✅ Comfortable height for kitchen counters, cafés, and bars  
✅ Sleek modern look with sturdy circular base for extra balance  
✅ Designed by RK ENTERPRISES – Premium Seating Solutions in Karachi  

📍 Ideal For:
Bars | Cafés | Kitchens | Restaurants | Outdoor Counters  

📞 Contact:
0345-3593470 | 0331-2142040  

🏬 Address:
Shop # G-23, Panama Centre, Sir Shah Suleman Road, Near Essa Nagri, Hassan Square, Gulshan-e-Iqbal Block 13-D, Karachi  
","RK-BS118 – Blue Plastic Bar & Kitchen Stool | Lightweight • Durable • Modern Design  

✅ Strong chrome-plated metal frame for long-lasting support  
✅ High-quality plastic round seat in attractive blue color  
✅ Anti-rust coating for indoor and outdoor use  
✅ Lightweight design — easy to move and clean  
✅ Comfortable height for kitchen counters, cafés, and bars  
✅ Sleek modern look with sturdy circular base for extra balance  
✅ Designed by RK ENTERPRISES – Premium Seating Solutions in Karachi  

📍 Ideal For:
Bars | Cafés | Kitchens | Restaurants | Outdoor Counters  

📞 Contact:
0345-3593470 | 0331-2142040  

🏬 Address:
Shop # G-23, Panama Centre, Sir Shah Suleman Road, Near Essa Nagri, Hassan Square, Gulshan-e-Iqbal Block 13-D, Karachi  
","[""Blue,Red,black""]",false,true,false,false,false,false,false,false,false,false,e0c4796d-ce73-47df-8b1d-56308c07ed02,95a48fbb-540a-4812-af7b-f028d281492e,2025-10-11 11:43:06.890924+00
e160e33e-53b8-4d0d-90bf-bfb27da743f3," RK-A301 – Auditorium & Lecture Hall Chair ",-rk-a301-auditorium-lecture-hall-chair--546373,43500,49000,"[""https://utqpkukuvsecwgnsprfs.supabase.co/storage/v1/object/public/product-images/products/pasted-image-1760181533231-1760181537407.png""]"," RK-A301 – Auditorium & Lecture Hall Chair | Comfort • Durability • Design  

✅ Premium cushioned seat and backrest for long-term sitting comfort  
✅ Wooden armrests with integrated writing pad for lectures or conferences  
✅ Foldable seat with noiseless spring mechanism for neat alignment  
✅ Strong metal frame with floor-mounting legs for extra stability  
✅ Durable fabric upholstery with elegant dual-tone finish  
✅ Ideal for auditoriums, seminar halls, universities, and training centers  
✅ Designed by RK ENTERPRISES – Quality Seating Solutions in Karachi  

📍 Ideal For:
Auditoriums | Lecture Halls | Conference Rooms | Cinema-Style Seating  

📞 Contact:
0345-3593470 | 0331-2142040  

🏬 Address:
Shop # G-23, Panama Centre, Sir Shah Suleman Road, Near Essa Nagri, Hassan Square, Gulshan-e-Iqbal Block 13-D, Karachi  

"," RK-A301 – Auditorium & Lecture Hall Chair | Comfort • Durability • Design  

✅ Premium cushioned seat and backrest for long-term sitting comfort  
✅ Wooden armrests with integrated writing pad for lectures or conferences  
✅ Foldable seat with noiseless spring mechanism for neat alignment  
✅ Strong metal frame with floor-mounting legs for extra stability  
✅ Durable fabric upholstery with elegant dual-tone finish  
✅ Ideal for auditoriums, seminar halls, universities, and training centers  
✅ Designed by RK ENTERPRISES – Quality Seating Solutions in Karachi  

📍 Ideal For:
Auditoriums | Lecture Halls | Conference Rooms | Cinema-Style Seating  

📞 Contact:
0345-3593470 | 0331-2142040  

🏬 Address:
Shop # G-23, Panama Centre, Sir Shah Suleman Road, Near Essa Nagri, Hassan Square, Gulshan-e-Iqbal Block 13-D, Karachi  

",[],true,true,false,false,false,false,false,false,false,false,e0c4796d-ce73-47df-8b1d-56308c07ed02,bf47b037-eaa0-4a42-a178-2b9985e376e2,2025-10-11 11:19:06.302413+00
e190a665-eeab-492b-bfe0-f76c008e7901,🪑 Model: RK-FC22-CAMO,model-rk-fc22-camo,7500,10500,"[""https://utqpkukuvsecwgnsprfs.supabase.co/storage/v1/object/public/product-images/products/model-rk-fc22-camo-1759534814599.png"",""https://utqpkukuvsecwgnsprfs.supabase.co/storage/v1/object/public/product-images/products/model-rk-fc22-camo-1759534814599.png""]","🪑 Model: RK-FC22-CAMO Product Name: RK Outdoor Folding Comfort Chair (Camel Color) ✅ Detailed Description: Enjoy premium comfort and portability with the RK-FC22-CAMO Folding Chair – perfect for outdoor adventures, camping, picnics, and garden use. Designed with a high-back ergonomic seat and wide base, this chair provides superior relaxation for extended sitting. 🔍 Key Features: ✅ Model: RK-FC22-CAMO ✅ Material: Durable Oxford fabric seat ✅ Frame: Powder-coated steel with X-frame support ✅ Color: Camel yellow with matching fabric arm pockets ✅ Armrest Pocket: Integrated for bottle or accessories ✅ Foldable: Space-saving design, easy to carry ✅ Use: Camping, picnic, garden, beach, terrace ✅ Water-Resistant &amp; Weather-Ready ✅ Branding: Light grey RK ENTERPRISES watermark on seat",,"[""Black"",""Grey"",""Blue""]",false,false,false,false,false,false,false,false,false,false,69109c18-45a8-471c-95fb-30ac08a98f6c,e0cb6ca5-7171-47f6-8bed-3fb4b1a0815f,2025-10-07 12:53:35.648253+00
e7ea57ba-851c-49a8-860b-75d7f098f14e,🕹 Gaming Chair – Global Razer Blue & Black,gaming-chair-global-razer-blue-and-black,31500,390000,"[""https://utqpkukuvsecwgnsprfs.supabase.co/storage/v1/object/public/product-images/products/gaming-chair-global-razer-blue-and-black-1759535101643.jpeg"",""https://utqpkukuvsecwgnsprfs.supabase.co/storage/v1/object/public/product-images/products/gaming-chair-global-razer-blue-and-black-1759535101643.jpeg""]","🕹 Gaming Chair – Global Razer Blue &amp; Black ✅ Ergonomic Racing Style Design – Built for comfort during long gaming or working sessions.✅ Premium PU Leather Finish – Durable, stylish, and easy to clean.✅ High-Density Foam Padding – Ensures maximum comfort and support.✅ Adjustable Armrests – Allows customized positioning for wrist and arm support.✅ Reclining Backrest (up to 180°) – Perfect for relaxing, gaming, or working.✅ Lumbar &amp; Headrest Cushions – Supports posture and reduces fatigue.✅ 360° Swivel &amp; Smooth Casters – Easy mobility across any surface.✅ Heavy-Duty Base – Strong and stable for long-term use. 📏 Dimensions: Standard gaming chair size – suitable for adults &amp; teens.🎨 Color: Blue &amp; Black 📞 Contact: 0345-3593470 | 0331-2142040📍 Address: Shop #G23, Panama Centre, Sir Shah Suleman Road, Near Esa Nagri, Hassan Square, Gulshan-e-Iqbal, Block 13D, Karachi🌐 Website: www.Rkenterpriseshub.com📘 Facebook: facebook.com/RKEnterprisesOfficialPK📸 Instagram: instagram.com/r.kenterprisesfurniture💬 WhatsApp: wa.me/923453593470",,"[""Black"",""Grey"",""Blue""]",true,true,false,true,false,false,false,false,false,false,e0c4796d-ce73-47df-8b1d-56308c07ed02,feaa3ab5-ec64-401d-a00a-125dd4997533,2025-10-07 12:53:35.648253+00
ed8d3835-3e3b-413a-b989-5d1d24c1bf5f,RK Folding Military-Style Outdoor Chair – Model No. RK-FC1201-CAM,rk-folding-military-style-outdoor-chair-model-no-rk-fc1201-cam,8500,12500,"[""https://utqpkukuvsecwgnsprfs.supabase.co/storage/v1/object/public/product-images/products/rk-folding-military-style-outdoor-chair-model-no-rk-fc1201-cam-1759534769255-1759879609415.webp""]","🪑 RK Folding Military-Style Outdoor Chair – Model No. RK-FC1201-CAMO ✅ Product Features: Model: RK-FC1201-CAMO Design: Foldable camping &amp; outdoor chair with armrests Fabric: Heavy-duty camouflage-patterned canvas Frame: Powder-coated black metal pipe frame Arm Padding: Matching camo padding for added comfort Foldable: X-frame design for easy portability and storage Back &amp; Seat Support: Comfortable stretch fabric stitched for posture support Weight Capacity: Up to 120 kg Ideal Use: Military training camps, outdoor adventures, picnics, hunting lodges, garden seating, and scout camps 📏 Dimensions (Approx): Height: 33 inches Width: 21 inches Depth: 20 inches 🎯 Special Features: Lightweight &amp; durable Rust-resistant frame Compact fold for easy carry 📞 Contact Us: Phone: 0345-3593470 | 0331-2142040 Address: Shop #G23, Panama Centre, Sir Shah Suleman Road, Near Esa Nagri, Hassan Square, Block 13D, Gulshan-e-Iqbal, Karachi 🌐 www.rkenterpriseshub.com 📘 [Link: Facebook (https://facebook.com/RKEnterprisesOfficialPK)] 📸 [Link: Instagram (https://instagram.com/r.kenterprisesfurniture)] 📲 WhatsApp",,"[""Black"",""Grey"",""Blue""]",true,false,false,false,false,false,false,false,false,true,69109c18-45a8-471c-95fb-30ac08a98f6c,e0cb6ca5-7171-47f6-8bed-3fb4b1a0815f,2025-10-07 12:53:35.648253+00
eef59b52-41b8-4fb9-ba52-c931e8d44650,👑 RK-683 – Executive Boss Chair | Premium Comfort with Wooden Arm Design,-rk-683-executive-boss-chair-premium-comfort-with-wooden-arm-design-675302,75000,79000,"[""https://utqpkukuvsecwgnsprfs.supabase.co/storage/v1/object/public/product-images/products/pasted-image-1760183606355-1760183607321.png""]","RK-683 – Executive Boss Chair | Premium Comfort with Wooden Arm Design  

✅ High back executive chair with thick padded seat and backrest  
✅ Elegant stitched pattern with ergonomic lumbar support  
✅ Stylish wooden armrests and side panels for a luxurious look  
✅ Heavy-duty metal base with 360° swivel and smooth wheels  
✅ Reclining back mechanism with tilt lock control  
✅ Soft PU leather upholstery for maximum comfort and durability  
✅ Ideal for executive offices, director cabins, and conference rooms  
✅ Designed by RK ENTERPRISES – Premium Office Furniture Supplier in Karachi  

","RK-683 – Executive Boss Chair | Premium Comfort with Wooden Arm Design  

✅ High back executive chair with thick padded seat and backrest  
✅ Elegant stitched pattern with ergonomic lumbar support  
✅ Stylish wooden armrests and side panels for a luxurious look  
✅ Heavy-duty metal base with 360° swivel and smooth wheels  
✅ Reclining back mechanism with tilt lock control  
✅ Soft PU leather upholstery for maximum comfort and durability  
✅ Ideal for executive offices, director cabins, and conference rooms  
✅ Designed by RK ENTERPRISES – Premium Office Furniture Supplier in Karachi  

📍 Ideal For:
Executive Cabins | Offices | Conference Rooms | Home Workspaces  

📞 Contact:
0345-3593470 | 0331-2142040  

🏬 Address:
Shop # G-23, Panama Centre, Sir Shah Suleman Road, Near Essa Nagri,  
Hassan Square, Gulshan-e-Iqbal Block 13-D, Karachi  
",[],false,true,false,true,false,false,false,false,false,false,e0c4796d-ce73-47df-8b1d-56308c07ed02,feaa3ab5-ec64-401d-a00a-125dd4997533,2025-10-11 11:54:35.265087+00
f18e7742-c5ae-4311-bcbb-4f2b777ee5b3,"RK-BS114 – Black Bar & Counter Stool ",rk-bs114-black-bar-counter-stool--644912,3500,5000,"[""https://utqpkukuvsecwgnsprfs.supabase.co/storage/v1/object/public/product-images/products/pasted-image-1760182546282-1760182547322.png""]"," RK-BS114 – Black Bar & Counter Stool | Durable • Comfortable • Stylish  

✅ Premium cushioned seat & backrest wrapped in protective vinyl finish  
✅ Strong black powder-coated metal frame for long-lasting durability  
✅ Comfortable footrest ring for better leg support  
✅ Lightweight yet sturdy structure – easy to move & clean  
✅ Sleek matte black color adds a modern industrial touch  
✅ Ideal for bars, kitchens, restaurants, and reception counters  
✅ Designed by RK ENTERPRISES – Premium Seating Solutions in Karachi  

📍 Ideal For:
Bar Counters | Coffee Shops | Kitchen Islands | Receptions | Cafeterias  

📞 Contact:
0345-3593470 | 0331-2142040  

🏬 Address:
Shop # G-23, Panama Centre, Sir Shah Suleman Road, Near Essa Nagri,  
Hassan Square, Gulshan-e-Iqbal Block 13-D, Karachi  
"," RK-BS114 – Black Bar & Counter Stool | Durable • Comfortable • Stylish  

✅ Premium cushioned seat & backrest wrapped in protective vinyl finish  
✅ Strong black powder-coated metal frame for long-lasting durability  
✅ Comfortable footrest ring for better leg support  
✅ Lightweight yet sturdy structure – easy to move & clean  
✅ Sleek matte black color adds a modern industrial touch  
✅ Ideal for bars, kitchens, restaurants, and reception counters  
✅ Designed by RK ENTERPRISES – Premium Seating Solutions in Karachi  

📍 Ideal For:
Bar Counters | Coffee Shops | Kitchen Islands | Receptions | Cafeterias  

📞 Contact:
0345-3593470 | 0331-2142040  

🏬 Address:
Shop # G-23, Panama Centre, Sir Shah Suleman Road, Near Essa Nagri,  
Hassan Square, Gulshan-e-Iqbal Block 13-D, Karachi  
","[""Black,Brown""]",false,true,false,false,false,false,false,false,false,false,e0c4796d-ce73-47df-8b1d-56308c07ed02,95a48fbb-540a-4812-af7b-f028d281492e,2025-10-11 11:37:25.043559+00
f4b79f80-05b2-42b5-9e1f-35957a6a626a,🪑 RK Mesh Office Chair – Model S-786,rk-mesh-office-chair-model-s-786,36500,42000,[],"🪑 RK Mesh Office Chair – Model S-786 ✅ Product Description: Upgrade your workspace with the RK Enterprises ergonomic office chair – Model S-786. Designed for professionals who value posture, comfort, and performance. 🔍 Key Features: ✅ Dual mesh back design – one with a high-back lumbar curve, one with a wide blue ventilated back ✅ High-density foam seat with waterfall edge for extended sitting comfort ✅ Adjustable height with tension tilt mechanism ✅ Smooth 360° swivel with durable nylon base and caster wheels ✅ Fixed armrests designed for elbow and wrist support ✅ Ideal for: Office, study rooms, work-from-home setups 📏 Approx Dimensions: Seat Height: Adjustable 18""–22"" Back Height: High-back ergonomic support Color Variants: Black/Blue Mesh with Black Seat Base 📦 Usage:Perfect for executives, staff, or students who need reliable, ergonomic seating during long hours of desk work. 📞 Contact Us: 0345-3593470 | 0331-2142040📍 Shop #G23, Panama Centre, Sir Shah Suleman Road, Near Esa Nagri, Hassan Square, Block 13D, Gulshan-e-Iqbal, Karachi 🔗 Quick Links:🌐 Website: www.rkenterpriseshub.com📘 Facebook: [Link: facebook.com/RKEnterprisesOfficialPK (https://facebook.com/RKEnterprisesOfficialPK)]📸 Instagram: [Link: instagram.com/r.kenterprisesfurniture (https://instagram.com/r.kenterprisesfurniture)]📱 WhatsApp: wa.me/923453593470",,"[""Black"",""Grey"",""Blue""]",false,true,false,false,false,false,false,false,false,false,e0c4796d-ce73-47df-8b1d-56308c07ed02,7033bb29-feb9-4b3d-845a-52ad7280cc21,2025-10-07 12:53:35.648253+00